Status,Internal ID,Language,Created At,Updated At,Location,Username,GET Variables,Referrer,Number of Saves,Weighted Score,Completion Time,IP Address,Invite Code,Invite Email,Invite Name,Collector,,List Question,How old are you?,What is your gender?,What is your highest level of education,What is your highest level of education [other],What country do you reside in?,Which state do you reside?,Which province do you reside in?,Which of the following social networking sites do you use? [Facebook],Which of the following social networking sites do you use? [Twitter],Which of the following social networking sites do you use? [Reddit],Which of the following social networking sites do you use? [Pinterest],Which of the following social networking sites do you use? [Tumblr],Which of the following social networking sites do you use? [LinkedIn],Which of the following social networking sites do you use? [Other],Which of the following social networking sites do you use? [Other] [text],Which of the following social networking sites do you use? [None]
Complete,63338447,English,2016/04/07 1:45:39 AM,2016/04/07 1:46:45 AM,Virginia,,,http://arcaneiceman.github.io/FacebookSurvey/,,241,00:01:06,71.207.148.12,,,,,Yes,1,19,Male,College Degree,,United States,Virginia,,1,,1,,,,,,
Complete,63338459,English,2016/04/07 1:45:51 AM,2016/04/07 1:46:49 AM,,,,http://arcaneiceman.github.io/FacebookSurvey/,,225,00:00:58,73.135.158.112,,,,,Yes,4,29,Male,Graduate School,,United States,Maryland,,1,,1,,,1,,,
Complete,63338467,English,2016/04/07 1:46:02 AM,2016/04/07 1:46:52 AM,Kentucky,,,http://arcaneiceman.github.io/FacebookSurvey/,,222,00:00:50,64.130.130.121,,,,,Yes,4,21,Male,College Degree,,United States,Kentucky,,1,1,1,,1,,,,
Complete,63338468,English,2016/04/07 1:46:04 AM,2016/04/07 1:46:36 AM,Massachusetts,,,http://arcaneiceman.github.io/FacebookSurvey/,,219,00:00:32,24.147.10.84,,,,,Yes,2,24,Male,College Degree,,United States,Massachusetts,,1,1,1,,,,,,
Complete,63338477,English,2016/04/07 1:46:09 AM,2016/04/07 1:47:09 AM,Arkansas,,,http://arcaneiceman.github.io/FacebookSurvey/,,208,00:01:00,75.120.144.169,,,,,Yes,3,51,Male,High School ,,United States,,,1,1,1,1,,1,,,
Complete,63338489,English,2016/04/07 1:46:20 AM,2016/04/07 1:48:46 AM,Nevada,,,http://arcaneiceman.github.io/FacebookSurvey/,,249,00:02:26,71.94.70.249,,,,,Yes,3,29,Female,High School ,,United States,Nevada,,1,1,1,1,1,1,1,"Snapchat, Instagram",
Complete,63338499,English,2016/04/07 1:46:31 AM,2016/04/07 1:47:34 AM,Idaho,,,http://arcaneiceman.github.io/FacebookSurvey/,,214,00:01:03,63.155.56.71,,,,,Yes,3,54,Female,College Degree,,United States,Idaho,,1,,1,1,,,,,
Complete,63338522,English,2016/04/07 1:47:02 AM,2016/04/07 1:47:39 AM,Pennsylvania,,,http://arcaneiceman.github.io/FacebookSurvey/,,243,00:00:37,141.158.216.52,,,,,Yes,2,26,Male,Graduate School,,United States,Pennsylvania,,1,1,1,,,1,,,
Complete,63338663,English,2016/04/07 1:50:34 AM,2016/04/07 1:51:57 AM,New York,,,http://arcaneiceman.github.io/FacebookSurvey/,,234,00:01:23,173.52.103.98,,,,,Yes,None (0),36,Male,College Degree,,United States,New York,,1,1,1,,,1,,,
Complete,63338676,English,2016/04/07 1:51:02 AM,2016/04/07 1:52:31 AM,Louisiana,,,http://arcaneiceman.github.io/FacebookSurvey/,,218,00:01:29,75.65.230.176,,,,,Yes,3,51,Male,College Degree,,United States,Louisiana,,1,,,,,1,,,
Complete,63338685,English,2016/04/07 1:51:14 AM,2016/04/07 1:52:29 AM,,,,http://arcaneiceman.github.io/FacebookSurvey/,,198,00:01:15,68.99.197.183,,,,,Yes,4,57,Female,Other,Almost graduating college ,United States,,,1,,,,,,,,
Complete,63338690,English,2016/04/07 1:51:19 AM,2016/04/07 1:52:11 AM,Indiana,,,http://arcaneiceman.github.io/FacebookSurvey/,,208,00:00:51,69.76.41.222,,,,,Yes,2,27,Female,College Degree,,United States,Indiana,,1,,,,,,,,
Complete,63338701,English,2016/04/07 1:51:36 AM,2016/04/07 1:53:23 AM,Pennsylvania,,,http://arcaneiceman.github.io/FacebookSurvey/,,230,00:01:47,70.15.84.214,,,,,Yes,2,64,Male,High School ,,United States,Pennsylvania,,1,,,,,,,,
Complete,63338712,English,2016/04/07 1:51:51 AM,2016/04/07 1:52:45 AM,,,,http://arcaneiceman.github.io/FacebookSurvey/,,262,00:00:54,73.239.227.22,,,,,Yes,4,22,Female,High School ,,United States,Washington,,1,1,1,1,1,1,,,
Complete,63338763,English,2016/04/07 1:53:07 AM,2016/04/07 1:54:38 AM,Colorado,,,http://arcaneiceman.github.io/FacebookSurvey/,,211,00:01:31,50.152.39.212,,,,,Yes,3,32,Male,Other,"Some college, no degree",United States,Colorado,,1,,1,,,1,,,
Complete,63338803,English,2016/04/07 1:54:21 AM,2016/04/07 1:55:07 AM,Illinois,,,http://arcaneiceman.github.io/FacebookSurvey/,,213,00:00:46,75.118.151.33,,,,,Yes,1,48,Female,College Degree,,United States,Illinois,,1,,1,1,,,,,
Complete,63338831,English,2016/04/07 1:54:51 AM,2016/04/07 1:55:34 AM,Kansas,,,http://arcaneiceman.github.io/FacebookSurvey/,,219,00:00:43,75.87.165.79,,,,,Yes,2,27,Female,College Degree,,United States,Kansas,,1,,,1,1,,,,
Complete,63338874,English,2016/04/07 1:56:13 AM,2016/04/07 1:57:05 AM,South Dakota,,,http://arcaneiceman.github.io/FacebookSurvey/,,250,00:00:52,24.230.121.94,,,,,Yes,4,29,Female,College Degree,,United States,South Dakota,,1,,1,1,,1,,,
Complete,63338953,English,2016/04/07 1:57:57 AM,2016/04/07 1:59:05 AM,California,,,http://arcaneiceman.github.io/FacebookSurvey/,,209,00:01:08,72.67.35.106,,,,,Yes,2,29,Male,College Degree,,United States,California,,1,1,1,,,1,,,
Complete,63338980,English,2016/04/07 1:58:37 AM,2016/04/07 1:59:39 AM,California,,,http://arcaneiceman.github.io/FacebookSurvey/,,192,00:01:02,8.26.74.183,,,,,Yes,1,28,Male,College Degree,,United States,,,1,,,,,,,,
Complete,63339034,English,2016/04/07 1:59:47 AM,2016/04/07 2:01:08 AM,Wisconsin,,,http://arcaneiceman.github.io/FacebookSurvey/,,245,00:01:21,173.89.155.28,,,,,Yes,3,25,Male,Other,Some College,United States,Wisconsin,,1,,,,,,,,
Complete,63339043,English,2016/04/07 2:00:00 AM,2016/04/07 2:00:46 AM,,,,http://arcaneiceman.github.io/FacebookSurvey/,,232,00:00:45,174.102.6.19,,,,,Yes,1,26,Male,College Degree,,United States,Ohio,,1,1,1,,,,,,
Complete,63339076,English,2016/04/07 2:00:36 AM,2016/04/07 2:01:35 AM,Michigan,,,http://arcaneiceman.github.io/FacebookSurvey/,,221,00:00:58,141.217.220.165,,,,,Yes,3,26,Male,College Degree,,United States,Michigan,,1,1,1,,,,,,
Complete,63339250,English,2016/04/07 2:05:36 AM,2016/04/07 2:06:13 AM,,,,http://arcaneiceman.github.io/FacebookSurvey/,,199,00:00:37,138.229.154.240,,,,,Yes,3,22,Male,College Degree,,United States,California,,1,,,,,,,,
Complete,63339411,English,2016/04/07 2:09:34 AM,2016/04/07 2:10:15 AM,California,,,http://arcaneiceman.github.io/FacebookSurvey/,,201,00:00:41,66.87.119.74,,,,,Yes,3,32,Male,College Degree,,United States,California,,1,1,,,,,,,
Complete,63339497,English,2016/04/07 2:12:20 AM,2016/04/07 2:13:19 AM,Oregon,,,http://arcaneiceman.github.io/FacebookSurvey/,,252,00:00:59,174.25.62.91,,,,,Yes,3,34,Female,College Degree,,United States,Oregon,,1,1,1,1,1,1,,,
Complete,63339515,English,2016/04/07 2:12:50 AM,2016/04/07 2:13:38 AM,Washington,,,http://arcaneiceman.github.io/FacebookSurvey/,,245,00:00:48,50.181.150.153,,,,,Yes,2,30,Female,College Degree,,United States,Washington,,1,,,1,,,,,
Complete,63339609,English,2016/04/07 2:15:38 AM,2016/04/07 2:16:35 AM,Massachusetts,,,http://arcaneiceman.github.io/FacebookSurvey/,,224,00:00:57,134.88.255.66,,,,,Yes,2,23,Female,High School ,,United States,Massachusetts,,1,1,1,,1,,,,
Complete,63339770,English,2016/04/07 2:19:44 AM,2016/04/07 2:21:05 AM,Tennessee,,,http://arcaneiceman.github.io/FacebookSurvey/,,246,00:01:21,75.138.239.24,,,,,Yes,1,40,Male,High School ,,United States,Tennessee,,1,1,,1,,,1,"google +, youtube",
Complete,63340104,English,2016/04/07 2:28:57 AM,2016/04/07 2:30:31 AM,Maryland,,,http://arcaneiceman.github.io/FacebookSurvey/,,224,00:01:33,66.87.81.93,,,,,Yes,2,41,Male,High School ,,United States,New Jersey,,1,1,,,,,,,
Complete,63340547,English,2016/04/07 2:43:30 AM,2016/04/07 2:44:05 AM,Delaware,,,http://arcaneiceman.github.io/FacebookSurvey/,,202,00:00:35,199.115.115.209,,,,,Yes,3,35,Female,College Degree,,United States,California,,1,1,,,,,,,
Complete,63342890,English,2016/04/07 3:51:29 AM,2016/04/07 3:52:45 AM,Kentucky,,,http://arcaneiceman.github.io/FacebookSurvey/,,210,00:01:15,65.114.125.107,,,,,Yes,2,34,Male,College Degree,,United States,Kentucky,,1,,,,,,,,
Complete,63343278,English,2016/04/07 4:00:39 AM,2016/04/07 4:01:45 AM,Illinois,,,http://arcaneiceman.github.io/FacebookSurvey/,,217,00:01:06,24.148.60.24,,,,,Yes,1,33,Female,Graduate School,,United States,Illinois,,1,,1,,,,1,doximity,
Complete,63351436,English,2016/04/07 8:12:02 AM,2016/04/07 8:13:01 AM,,,,http://arcaneiceman.github.io/FacebookSurvey/,,207,00:00:58,107.184.180.143,,,,,Yes,2,29,Male,High School ,,United States,California,,1,1,1,,1,,,,
Complete,63382974,English,2016/04/07 3:37:31 PM,2016/04/07 3:38:32 PM,Arkansas,,,http://arcaneiceman.github.io/FacebookSurvey/,,206,00:01:01,206.255.61.215,,,,,Yes,3,46,Female,Graduate School,,United States,Arkansas,,1,,,,,1,,,
Complete,63392347,English,2016/04/07 5:15:31 PM,2016/04/07 5:16:09 PM,California,,,http://arcaneiceman.github.io/FacebookSurvey/,,217,00:00:38,155.135.55.233,,,,,Yes,5,33,Male,Graduate School,,United States,,,1,1,1,1,1,1,,,
Complete,63398041,English,2016/04/07 6:10:09 PM,2016/04/07 6:10:50 PM,New York,,,http://arcaneiceman.github.io/FacebookSurvey/,,198,00:00:41,67.20.222.236,,,,,Yes,3,18,Male,High School ,,United States,,,1,1,1,,,,,,
Complete,63430724,English,2016/04/08 12:53:23 AM,2016/04/08 12:54:05 AM,California,,,http://arcaneiceman.github.io/FacebookSurvey/,,199,00:00:42,76.171.230.102,,,,,Yes,2,27,Male,High School ,,United States,California,,1,1,,,,,,,
Complete,63435280,English,2016/04/08 2:47:44 AM,2016/04/08 2:48:56 AM,Utah,,,http://arcaneiceman.github.io/FacebookSurvey/,,256,00:01:12,76.23.12.102,,,,,Yes,4,20,Female,Other,Some college,United States,Utah,,1,1,,,1,,1,"Instagram, Snapchat",
Complete,63520831,English,2016/04/08 11:00:32 PM,2016/04/08 11:01:42 PM,,,,http://arcaneiceman.github.io/FacebookSurvey/,,236,00:01:10,72.191.170.97,,,,,Yes,1,28,Male,High School ,,United States,Texas,,1,1,,,,,,,
Complete,63530979,English,2016/04/09 2:27:15 AM,2016/04/09 2:27:58 AM,Iowa,,,http://arcaneiceman.github.io/FacebookSurvey/,,210,00:00:43,198.153.100.40,,,,,Yes,4,27,Male,College Degree,,United States,Iowa,,1,,,,,,,,
Complete,63564769,English,2016/04/09 4:38:36 PM,2016/04/09 4:40:00 PM,Indiana,,,http://arcaneiceman.github.io/FacebookSurvey/,,212,00:01:24,184.18.43.215,,,,,Yes,3,30,Female,High School ,,United States,Indiana,,1,,,1,,,,,
Complete,63581739,English,2016/04/09 10:32:59 PM,2016/04/09 10:34:44 PM,Georgia,,,http://arcaneiceman.github.io/FacebookSurvey/,,202,00:01:45,174.49.125.213,,,,,Yes,2,25,Male,High School ,,United States,Georgia,,1,,,,,,,,
Complete,63586254,English,2016/04/10 1:10:58 AM,2016/04/10 1:11:58 AM,Georgia,,,http://arcaneiceman.github.io/FacebookSurvey/,,216,00:01:00,75.138.80.28,,,,,Yes,1,58,Female,Graduate School,,United States,Georgia,,1,1,,1,,1,,,
Complete,63592603,English,2016/04/10 5:37:19 AM,2016/04/10 5:38:18 AM,Colorado,,,http://arcaneiceman.github.io/FacebookSurvey/,,204,00:00:59,184.96.120.102,,,,,Yes,3,25,Male,High School ,,United States,Colorado,,1,1,1,,,,,,
Complete,63617364,English,2016/04/10 3:57:59 PM,2016/04/10 3:58:48 PM,Ohio,,,http://arcaneiceman.github.io/FacebookSurvey/,,243,00:00:49,162.192.72.7,,,,,Yes,4,27,Male,Graduate School,,United States,Ohio,,1,1,,1,,1,,,
Complete,63624935,English,2016/04/10 6:41:14 PM,2016/04/10 6:41:57 PM,Connecticut,,,http://arcaneiceman.github.io/FacebookSurvey/,,213,00:00:43,64.202.95.203,,,,,Yes,3,23,Male,College Degree,,United States,Connecticut,,1,,1,1,1,,,,
Complete,63632216,English,2016/04/10 9:41:29 PM,2016/04/10 9:42:23 PM,New Mexico,,,http://arcaneiceman.github.io/FacebookSurvey/,,194,00:00:54,68.35.76.12,,,,,Yes,2,25,Male,College Degree,,United States,Alabama,,1,,,,,,,,
Complete,63635728,English,2016/04/10 11:31:35 PM,2016/04/10 11:32:29 PM,California,,,http://arcaneiceman.github.io/FacebookSurvey/,,200,00:00:54,99.189.106.234,,,,,Yes,2,28,Female,High School ,,United States,California,,1,1,,,,,,,
Complete,63640062,English,2016/04/11 2:02:15 AM,2016/04/11 2:03:40 AM,Pennsylvania,,,http://arcaneiceman.github.io/FacebookSurvey/,,239,00:01:25,50.32.144.191,,,,,Yes,3,39,Female,College Degree,,United States,Pennsylvania,,1,1,,1,,,,,
Complete,63696653,English,2016/04/11 4:33:43 PM,2016/04/11 4:34:36 PM,Minnesota,,,http://arcaneiceman.github.io/FacebookSurvey/,,220,00:00:52,173.19.101.211,,,,,Yes,3,19,Female,College Degree,,United States,Iowa,,1,1,1,,1,,,,
Complete,63719605,English,2016/04/11 7:49:16 PM,2016/04/11 7:58:55 PM,Hawaii,,,http://arcaneiceman.github.io/FacebookSurvey/,,215,00:09:39,66.91.243.226,,,,,Yes,2,28,Female,High School ,,United States,Hawaii,,1,,,1,,,1,snapchat,
Complete,63731795,English,2016/04/11 9:33:01 PM,2016/04/11 9:33:48 PM,Montana,,,http://arcaneiceman.github.io/FacebookSurvey/,,219,00:00:47,216.47.59.103,,,,,Yes,1,34,Female,College Degree,,United States,Montana,,1,,,,,,,,
Complete,63742060,English,2016/04/11 10:26:10 PM,2016/04/11 10:26:56 PM,,,,http://arcaneiceman.github.io/FacebookSurvey/,,235,00:00:45,50.124.83.17,,,,,Yes,3,29,Female,College Degree,,United States,Nevada,,1,1,,1,,1,,,
Complete,63748352,English,2016/04/12 12:46:23 AM,2016/04/12 12:49:38 AM,Georgia,,,http://arcaneiceman.github.io/FacebookSurvey/,,226,00:03:15,24.30.86.246,,,,,Yes,3,39,Female,Graduate School,,United States,Georgia,,1,1,1,1,1,1,,,
Complete,63750160,English,2016/04/12 1:35:34 AM,2016/04/12 1:36:36 AM,Wisconsin,,,http://arcaneiceman.github.io/FacebookSurvey/,,254,00:01:02,75.128.208.107,,,,,Yes,2,44,Male,Graduate School,,United States,Wisconsin,,1,1,1,,,1,,,
Complete,63751025,English,2016/04/12 1:59:00 AM,2016/04/12 2:00:22 AM,Florida,,,http://arcaneiceman.github.io/FacebookSurvey/,,212,00:01:22,71.100.84.221,,,,,Yes,4,23,Male,College Degree,,United States,Florida,,1,1,,,,1,,,
Complete,63757725,English,2016/04/12 6:05:42 AM,2016/04/12 6:07:03 AM,Rhode Island,,,http://arcaneiceman.github.io/FacebookSurvey/,,235,00:01:21,100.40.82.174,,,,,Yes,1,59,Female,High School ,,United States,Rhode Island,,1,,,1,,,,,
Complete,63770807,English,2016/04/12 10:58:19 AM,2016/04/12 11:00:29 AM,California,,,http://arcaneiceman.github.io/FacebookSurvey/,,215,00:01:52,72.47.176.70,,,,,Yes,2,30,Female,High School ,,United States,California,,1,1,1,,1,,1,Instagram,
Complete,63783647,English,2016/04/12 1:48:17 PM,2016/04/12 1:49:19 PM,,,,http://arcaneiceman.github.io/FacebookSurvey/,,198,00:01:01,205.197.242.157,,,,,Yes,4,24,Female,High School ,,United States,Arizona,,1,,,,,,,,
Complete,63788386,English,2016/04/12 2:39:54 PM,2016/04/12 2:40:55 PM,Alabama,,,http://arcaneiceman.github.io/FacebookSurvey/,,196,00:01:00,216.109.13.100,,,,,Yes,1,45,Male,Graduate School,,United States,Alabama,,1,1,,,,,,,
Complete,63862078,English,2016/04/13 9:07:52 AM,2016/04/13 9:09:07 AM,Michigan,,,http://arcaneiceman.github.io/FacebookSurvey/,,216,00:01:15,162.230.43.188,,,,,Yes,2,34,Male,Graduate School,,United States,Michigan,,1,,,,,,,,
Complete,63880913,English,2016/04/13 2:14:54 PM,2016/04/13 2:15:37 PM,North Carolina,,,http://arcaneiceman.github.io/FacebookSurvey/,,230,00:00:43,75.183.23.232,,,,,Yes,1,62,Male,College Degree,,United States,North Carolina,,1,1,1,,,,,,
Complete,63881011,English,2016/04/13 2:16:00 PM,2016/04/13 2:16:56 PM,Georgia,,,http://arcaneiceman.github.io/FacebookSurvey/,,203,00:00:56,208.71.235.4,,,,,Yes,3,19,Male,High School ,,United States,Georgia,,1,,,,,,,,
Complete,63882180,English,2016/04/13 2:29:20 PM,2016/04/13 2:30:41 PM,Virginia,,,http://arcaneiceman.github.io/FacebookSurvey/,,254,00:01:21,70.160.54.38,,,,,Yes,3,41,Female,College Degree,,United States,Virginia,,1,1,,1,,,1,stumbleupon,
Complete,63883682,English,2016/04/13 2:45:26 PM,2016/04/13 2:47:03 PM,Virginia,,,http://arcaneiceman.github.io/FacebookSurvey/,,249,00:01:37,98.117.64.46,,,,,Yes,2,49,Female,College Degree,,United States,Virginia,,1,1,1,1,,,,,
Complete,63892500,English,2016/04/13 4:10:21 PM,2016/04/13 4:11:02 PM,Florida,,,http://arcaneiceman.github.io/FacebookSurvey/,,204,00:00:41,209.251.192.6,,,,,Yes,3,27,Male,High School ,,United States,Florida,,1,1,,,,,,,
Complete,63893599,English,2016/04/13 4:23:38 PM,2016/04/13 4:24:32 PM,,,,http://arcaneiceman.github.io/FacebookSurvey/,,219,00:00:54,73.163.16.134,,,,,Yes,4,27,Female,College Degree,,United States,Maryland,,1,,1,,,,,,
Complete,63895884,English,2016/04/13 4:48:49 PM,2016/04/13 4:49:32 PM,Florida,,,http://arcaneiceman.github.io/FacebookSurvey/,,212,00:00:43,128.227.183.51,,,,,Yes,2,19,Male,High School ,,United States,Florida,,1,1,1,,,1,,,
Complete,63900252,English,2016/04/13 5:30:46 PM,2016/04/13 5:31:59 PM,,,,http://arcaneiceman.github.io/FacebookSurvey/,,208,00:01:13,50.5.39.88,,,,,Yes,5,53,Male,College Degree,,United States,,,1,1,,1,,1,,,
Complete,63907524,English,2016/04/13 6:41:10 PM,2016/04/13 6:42:16 PM,,,,http://arcaneiceman.github.io/FacebookSurvey/,,199,00:01:06,73.222.90.88,,,,,Yes,1,54,Female,Graduate School,,United States,California,,1,,,,,,,,
Complete,63924883,English,2016/04/13 10:20:08 PM,2016/04/13 10:20:57 PM,Indiana,,,http://arcaneiceman.github.io/FacebookSurvey/,,218,00:00:49,108.94.45.60,,,,,Yes,2,29,Female,College Degree,,United States,Indiana,,1,,,1,,1,,,
Complete,63924885,English,2016/04/13 10:20:08 PM,2016/04/13 10:22:23 PM,Massachusetts,,,http://arcaneiceman.github.io/FacebookSurvey/,,230,00:01:42,66.31.176.156,,,,,Yes,3,40,Male,Other,Vocational Degree,United States,Massachusetts,,1,,,,,1,1,Snapchat,
Complete,63926825,English,2016/04/13 10:53:45 PM,2016/04/13 10:55:12 PM,,,,http://arcaneiceman.github.io/FacebookSurvey/,,213,00:01:27,104.178.118.183,,,,,Yes,1,64,Female,College Degree,,United States,Kansas,,1,,,1,,,,,
Complete,63927236,English,2016/04/13 11:01:59 PM,2016/04/13 11:02:46 PM,Haiti,,,http://arcaneiceman.github.io/FacebookSurvey/,,213,00:00:47,190.115.138.42,,,,,Yes,4,33,Female,Graduate School,,United States,Idaho,,1,,,1,,,,,
Complete,63927472,English,2016/04/13 11:06:29 PM,2016/04/13 11:08:13 PM,Indiana,,,http://arcaneiceman.github.io/FacebookSurvey/,,221,00:01:44,75.81.227.185,,,,,Yes,3,57,Female,High School ,,United States,Kentucky,,1,,,1,,1,,,
Complete,63927549,English,2016/04/13 11:08:08 PM,2016/04/13 11:08:51 PM,South Dakota,,,http://arcaneiceman.github.io/FacebookSurvey/,,236,00:00:43,24.220.68.207,,,,,Yes,3,37,Female,College Degree,,United States,South Dakota,,1,,,,,,,,
Complete,63943728,English,2016/04/14 4:22:30 AM,2016/04/14 4:23:19 AM,Arkansas,,,http://arcaneiceman.github.io/FacebookSurvey/,,215,00:00:49,70.178.16.181,,,,,Yes,5,22,Male,High School ,,United States,Arkansas,,1,1,1,,1,1,,,
Complete,63996588,English,2016/04/14 7:26:16 PM,2016/04/14 7:26:59 PM,Minnesota,,,http://arcaneiceman.github.io/FacebookSurvey/,,198,00:00:43,64.122.231.78,,,,,Yes,3,32,Male,Graduate School,,United States,,,1,,1,,,,,,
Complete,63997615,English,2016/04/14 7:39:03 PM,2016/04/14 7:39:59 PM,Florida,,,http://arcaneiceman.github.io/FacebookSurvey/,,201,00:00:56,173.78.80.198,,,,,Yes,1,33,Male,College Degree,,United States,Florida,,1,,,,,,,,
Complete,64015572,English,2016/04/15 1:53:48 AM,2016/04/15 1:54:44 AM,California,,,http://arcaneiceman.github.io/FacebookSurvey/,,204,00:00:56,99.33.250.98,,,,,Yes,2,58,Female,High School ,,United States,California,,1,,,,,1,,,
Complete,64066708,English,2016/04/15 5:33:05 PM,2016/04/15 5:34:14 PM,Texas,,,http://arcaneiceman.github.io/FacebookSurvey/,,259,00:01:09,12.69.3.250,,,,,Yes,3,32,Male,College Degree,,United States,Texas,,1,1,1,1,,1,1,Instragram,
Complete,64071255,English,2016/04/15 6:13:52 PM,2016/04/15 6:15:37 PM,,,,http://arcaneiceman.github.io/FacebookSurvey/,,224,00:01:45,73.1.83.202,,,,,Yes,4,62,Male,College Degree,,United States,Florida,,1,1,1,1,1,1,,,
Complete,64103319,English,2016/04/16 2:26:26 AM,2016/04/16 2:27:02 AM,Tennessee,,,http://arcaneiceman.github.io/FacebookSurvey/,,235,00:00:35,184.9.149.191,,,,,Yes,2,23,Male,College Degree,,United States,Oregon,,1,1,1,,,,,,
Complete,64104375,English,2016/04/16 3:00:30 AM,2016/04/16 3:01:34 AM,,,,http://arcaneiceman.github.io/FacebookSurvey/,,231,00:01:04,207.172.242.54,,,,,Yes,2,30,Male,College Degree,,United States,Pennsylvania,,1,,,,,,,,
Complete,64110202,English,2016/04/16 6:17:48 AM,2016/04/16 6:18:33 AM,New York,,,http://arcaneiceman.github.io/FacebookSurvey/,,243,00:00:45,96.246.212.150,,,,,Yes,2,22,Female,College Degree,,United States,New York,,1,1,,1,1,1,,,
Complete,64127658,English,2016/04/16 1:13:44 PM,2016/04/16 1:14:27 PM,Massachusetts,,,http://arcaneiceman.github.io/FacebookSurvey/,,220,00:00:43,66.30.144.28,,,,,Yes,4,49,Female,High School ,,United States,Massachusetts,,1,,,1,,,,,
Complete,64137724,English,2016/04/16 4:33:59 PM,2016/04/16 4:34:59 PM,,,,http://arcaneiceman.github.io/FacebookSurvey/,,212,00:01:00,70.194.165.138,,,,,Yes,3,27,Female,College Degree,,United States,Illinois,,1,,,1,,,,,
Complete,64150225,English,2016/04/16 9:25:15 PM,2016/04/16 9:26:23 PM,Washington,,,http://arcaneiceman.github.io/FacebookSurvey/,,250,00:01:07,97.115.159.102,,,,,Yes,4,24,Male,College Degree,,United States,Washington,,1,1,,,,1,,,
Complete,64150572,English,2016/04/16 9:33:35 PM,2016/04/16 9:34:59 PM,North Carolina,,,http://arcaneiceman.github.io/FacebookSurvey/,,238,00:01:23,209.188.46.99,,,,,Yes,3,30,Male,College Degree,,United States,North Carolina,,1,,,1,,,1,"Snapchat, instagram",
Complete,64152879,English,2016/04/16 10:40:39 PM,2016/04/16 10:41:26 PM,Texas,,,http://arcaneiceman.github.io/FacebookSurvey/,,241,00:00:47,209.169.73.37,,,,,Yes,2,24,Female,High School ,,United States,Texas,,1,1,1,,,,,,
Complete,64158105,English,2016/04/17 2:01:44 AM,2016/04/17 2:03:41 AM,Maine,,,http://arcaneiceman.github.io/FacebookSurvey/,,233,00:01:57,184.153.138.218,,,,,Yes,4,33,Male,Graduate School,,United States,Maine,,1,1,1,,,1,1,"snap chat, Garmin Connect, Instagram",
Complete,64162761,English,2016/04/17 5:27:32 AM,2016/04/17 5:28:22 AM,Colorado,,,http://arcaneiceman.github.io/FacebookSurvey/,,200,00:00:49,75.163.158.105,,,,,Yes,3,29,Female,High School ,,United States,Colorado,,1,,,,,,,,
Complete,64211885,English,2016/04/18 3:37:59 AM,2016/04/18 3:39:14 AM,Utah,,,http://arcaneiceman.github.io/FacebookSurvey/,,254,00:01:15,67.169.252.131,,,,,Yes,4,35,Male,College Degree,,United States,Utah,,1,1,,,,1,1,snapchat,
Complete,64214370,English,2016/04/18 5:15:44 AM,2016/04/18 5:17:34 AM,Texas,,,http://arcaneiceman.github.io/FacebookSurvey/,,246,00:01:50,24.48.161.133,,,,,Yes,2,45,Female,Graduate School,,United States,Texas,,1,1,,,,1,,,
Complete,64216483,English,2016/04/18 6:30:29 AM,2016/04/18 6:32:10 AM,California,,,http://arcaneiceman.github.io/FacebookSurvey/,,198,00:01:41,162.228.92.165,,,,,Yes,2,39,Female,High School ,,United States,California,,1,,,,,,,,
Complete,64216882,English,2016/04/18 6:41:09 AM,2016/04/18 6:42:13 AM,,,,http://arcaneiceman.github.io/FacebookSurvey/,,202,00:01:03,208.54.86.151,,,,,Yes,3,23,Female,College Degree,,United States,,,1,1,,,1,,,,
Complete,64305058,English,2016/04/18 6:36:09 PM,2016/04/18 6:36:53 PM,Michigan,,,http://arcaneiceman.github.io/FacebookSurvey/,,227,00:00:44,50.4.106.43,,,,,Yes,3,26,Male,College Degree,,United States,Michigan,,1,1,1,,,1,,,
Complete,64312976,English,2016/04/18 7:33:07 PM,2016/04/18 7:33:38 PM,Washington,,,http://arcaneiceman.github.io/FacebookSurvey/,,239,00:00:31,50.46.210.24,,,,,Yes,1,27,Male,College Degree,,United States,Washington,,1,,,,,,,,
Complete,64318261,English,2016/04/18 7:54:41 PM,2016/04/18 7:55:38 PM,,,,http://arcaneiceman.github.io/FacebookSurvey/,,201,00:00:57,12.31.232.125,,,,,Yes,1,41,Male,Graduate School,,United States,California,,1,,1,,,,,,
Complete,64337620,English,2016/04/18 11:13:06 PM,2016/04/18 11:30:40 PM,,,,http://arcaneiceman.github.io/FacebookSurvey/,,204,00:01:13,96.94.32.241,,,,,Yes,3,30,Female,College Degree,,United States,Florida,,1,,,,,,,,
Complete,64337624,English,2016/04/18 11:13:17 PM,2016/04/18 11:14:02 PM,Ohio,,,http://arcaneiceman.github.io/FacebookSurvey/,,238,00:00:44,65.60.242.35,,,,,Yes,4,30,Female,College Degree,,United States,Ohio,,1,,1,1,,,,,
Complete,64346830,English,2016/04/19 2:27:44 AM,2016/04/19 2:28:55 AM,Michigan,,,http://arcaneiceman.github.io/FacebookSurvey/,,225,00:01:11,97.95.92.98,,,,,Yes,2,27,Female,College Degree,,United States,Michigan,,1,1,1,1,,,,,
Complete,64394317,English,2016/04/19 1:59:55 PM,2016/04/19 2:01:15 PM,North Carolina,,,http://arcaneiceman.github.io/FacebookSurvey/,,243,00:01:20,152.18.104.66,,,,,Yes,3,26,Male,Graduate School,,United States,North Carolina,,1,1,,,,1,1,Instagram,
Complete,64394775,English,2016/04/19 2:03:40 PM,2016/04/19 2:04:38 PM,Florida,,,http://arcaneiceman.github.io/FacebookSurvey/,,204,00:00:58,172.56.26.166,,,,,Yes,3,23,Female,College Degree,,United States,Florida,,1,,,,,,,,
Complete,64401243,English,2016/04/19 2:37:52 PM,2016/04/19 2:40:11 PM,Nevada,,,http://arcaneiceman.github.io/FacebookSurvey/,,216,00:02:19,67.203.20.122,,,,,Yes,3,24,Male,College Degree,,United States,California,,1,1,1,,1,,1,"Instagram,Vine,SnapChat",
Complete,64438927,English,2016/04/19 5:44:21 PM,2016/04/19 5:45:11 PM,California,,,http://arcaneiceman.github.io/FacebookSurvey/,,202,00:00:49,50.1.38.100,,,,,Yes,2,29,Male,Graduate School,,United States,California,,1,,1,,,,,,
Complete,64449393,English,2016/04/19 6:42:49 PM,2016/04/19 6:44:11 PM,Michigan,,,http://arcaneiceman.github.io/FacebookSurvey/,,216,00:01:22,96.36.42.56,,,,,Yes,2,63,Male,Graduate School,,United States,Michigan,,1,,,,,,,,
Complete,64453067,English,2016/04/19 7:07:01 PM,2016/04/19 7:07:41 PM,,,,http://arcaneiceman.github.io/FacebookSurvey/,,231,00:00:40,104.230.111.192,,,,,Yes,2,22,Female,High School ,,United States,Ohio,,1,,1,,,,,,
Complete,64493067,English,2016/04/20 12:56:53 AM,2016/04/20 12:57:45 AM,Nevada,,,https://arcaneiceman.github.io/FacebookSurvey/,,223,00:00:52,72.193.17.44,,,,,Yes,2,26,Male,High School ,,United States,Nevada,,1,,1,,,,,,
Complete,64498349,English,2016/04/20 2:30:43 AM,2016/04/20 2:31:44 AM,Florida,,,https://arcaneiceman.github.io/FacebookSurvey/,,197,00:01:01,184.91.36.182,,,,,Yes,2,64,Male,Graduate School,,United States,,,1,,1,,,,,,
Complete,64499920,English,2016/04/20 3:03:52 AM,2016/04/20 3:05:24 AM,,,,http://arcaneiceman.github.io/FacebookSurvey/,,195,00:01:32,173.125.91.54,,,,,Yes,4,24,Female,High School ,,United States,,,1,,,,,,,,
Complete,64500487,English,2016/04/20 3:15:47 AM,2016/04/20 3:16:47 AM,,,,http://arcaneiceman.github.io/FacebookSurvey/,,248,00:01:00,75.140.253.79,,,,,Yes,5,27,Female,Graduate School,,United States,Texas,,1,,,,,,1,instagram,
Complete,64505046,English,2016/04/20 5:00:01 AM,2016/04/20 5:01:08 AM,Illinois,,,http://arcaneiceman.github.io/FacebookSurvey/,,216,00:01:07,108.198.126.178,,,,,Yes,4,27,Female,College Degree,,United States,Illinois,,1,,1,1,,,,,
Complete,64512481,English,2016/04/20 7:27:05 AM,2016/04/20 7:28:11 AM,North Carolina,,,http://arcaneiceman.github.io/FacebookSurvey/,,240,00:01:06,173.189.114.91,,,,,Yes,4,40,Female,High School ,,United States,North Carolina,,1,1,,1,,1,,,
Complete,64521199,English,2016/04/20 9:51:29 AM,2016/04/20 9:52:54 AM,,,,http://arcaneiceman.github.io/FacebookSurvey/,,231,00:01:25,104.228.221.3,,,,,Yes,4,21,Male,High School ,,United States,Maine,,1,1,,1,1,,1,instagram,
Complete,64535421,English,2016/04/20 1:15:01 PM,2016/04/20 1:16:23 PM,,,,http://arcaneiceman.github.io/FacebookSurvey/,,238,00:01:22,100.12.148.58,,,,,Yes,2,29,Male,Graduate School,,United States,New York,,1,1,,1,,1,,,
Complete,64553424,English,2016/04/20 2:57:41 PM,2016/04/20 2:58:43 PM,,,,http://arcaneiceman.github.io/FacebookSurvey/,,201,00:01:02,73.153.7.1,,,,,Yes,3,33,Female,College Degree,,United States,Colorado,,1,,,,,,,,
Complete,64553545,English,2016/04/20 2:58:46 PM,2016/04/20 2:59:40 PM,Alabama,,,http://arcaneiceman.github.io/FacebookSurvey/,,206,00:00:54,71.8.9.35,,,,,Yes,3,24,Male,College Degree,,United States,Alabama,,1,1,1,,,1,,,
Complete,64557086,English,2016/04/20 3:28:19 PM,2016/04/20 3:28:58 PM,Illinois,,,http://arcaneiceman.github.io/FacebookSurvey/,,220,00:00:39,108.69.161.249,,,,,Yes,2,31,Female,Graduate School,,United States,Illinois,,1,1,,1,,1,,,
Complete,64574427,English,2016/04/20 5:06:30 PM,2016/04/20 5:07:09 PM,California,,,http://arcaneiceman.github.io/FacebookSurvey/,,211,00:00:39,76.176.60.10,,,,,Yes,3,23,Female,College Degree,,United States,California,,1,1,,1,1,,,,
Complete,64584018,English,2016/04/20 6:41:15 PM,2016/04/20 6:42:44 PM,Arizona,,,http://arcaneiceman.github.io/FacebookSurvey/,,200,00:01:29,143.71.236.167,,,,,Yes,4,33,Female,College Degree,,United States,,,1,,,1,,,,,
Complete,64587592,English,2016/04/20 7:21:49 PM,2016/04/20 7:23:17 PM,Colorado,,,http://arcaneiceman.github.io/FacebookSurvey/,,214,00:01:28,50.170.140.243,,,,,Yes,4,50,Female,College Degree,,United States,Colorado,,1,1,,1,,1,,,
Complete,64591489,English,2016/04/20 8:11:14 PM,2016/04/20 8:12:16 PM,,,,http://arcaneiceman.github.io/FacebookSurvey/,,228,00:01:02,104.240.14.219,,,,,Yes,3,50,Female,College Degree,,United States,Minnesota,,1,,,1,,1,,,
Complete,64598109,English,2016/04/20 9:40:42 PM,2016/04/20 9:42:06 PM,Pennsylvania,,,http://arcaneiceman.github.io/FacebookSurvey/,,230,00:01:24,216.49.44.178,,,,,Yes,1,66,Male,College Degree,,United States,Pennsylvania,,1,,,,,,,,
Complete,64598952,English,2016/04/20 9:50:27 PM,2016/04/20 9:52:05 PM,Arizona,,,http://arcaneiceman.github.io/FacebookSurvey/,,212,00:01:38,70.176.192.12,,,,,Yes,4,29,Female,High School ,,United States,Arizona,,1,1,1,1,1,,,,
Complete,64603882,English,2016/04/20 11:21:23 PM,2016/04/20 11:22:22 PM,,,,http://arcaneiceman.github.io/FacebookSurvey/,,214,00:00:59,73.71.91.97,,,,,Yes,1,30,Female,College Degree,,United States,California,,1,1,1,1,,,1,Instagram,
Complete,64605876,English,2016/04/21 12:07:28 AM,2016/04/21 12:08:52 AM,Kentucky,,,http://arcaneiceman.github.io/FacebookSurvey/,,212,00:01:24,199.116.155.172,,,,,Yes,2,58,Male,College Degree,,United States,Kentucky,,1,1,,,,,,,
Complete,64611127,English,2016/04/21 1:29:51 AM,2016/04/21 1:30:58 AM,,,,http://arcaneiceman.github.io/FacebookSurvey/,,229,00:01:07,162.206.212.180,,,,,Yes,4,29,Female,College Degree,,United States,Mississippi,,1,,,1,1,,,,
Complete,65275168,English,2016/04/27 11:37:18 PM,2016/04/27 11:38:08 PM,,,,http://arcaneiceman.github.io/FacebookSurvey/,,224,00:00:50,173.19.165.251,,,,,Yes,3,28,Male,College Degree,,United States,Iowa,,1,1,1,1,,1,,,
Complete,65275233,English,2016/04/27 11:38:29 PM,2016/04/27 11:39:13 PM,Texas,,,http://arcaneiceman.github.io/FacebookSurvey/,,249,00:00:44,76.185.72.247,,,,,Yes,2,33,Male,College Degree,,United States,Texas,,1,,1,1,,1,,,
Complete,65275991,English,2016/04/27 11:54:06 PM,2016/04/27 11:54:43 PM,Arizona,,,http://arcaneiceman.github.io/FacebookSurvey/,,210,00:00:37,72.201.200.179,,,,,Yes,2,31,Female,College Degree,,United States,Arizona,,1,,1,1,,1,,,
Complete,65277827,English,2016/04/28 12:39:24 AM,2016/04/28 12:40:36 AM,New York,,,http://arcaneiceman.github.io/FacebookSurvey/,,242,00:01:11,68.198.14.28,,,,,Yes,2,51,Female,Graduate School,,United States,New York,,1,1,1,1,,1,,,
Complete,65277909,English,2016/04/28 12:41:55 AM,2016/04/28 12:43:26 AM,Oklahoma,,,http://arcaneiceman.github.io/FacebookSurvey/,,238,00:01:09,68.12.74.65,,,,,Yes,3,25,Female,Graduate School,,United States,Oklahoma,,1,1,,1,,,,,
Complete,65287759,English,2016/04/28 5:22:06 AM,2016/04/28 5:22:56 AM,Wisconsin,,,http://arcaneiceman.github.io/FacebookSurvey/,,252,00:00:50,99.111.222.115,,,,,Yes,3,21,Male,High School ,,United States,Wisconsin,,1,1,1,,1,,,,
Complete,65288496,English,2016/04/28 5:44:25 AM,2016/04/28 5:45:34 AM,Wisconsin,,,http://arcaneiceman.github.io/FacebookSurvey/,,243,00:01:09,24.240.47.186,,,,,Yes,2,33,Male,High School ,,United States,Wisconsin,,1,1,,,,,,,
Complete,65333004,English,2016/04/28 4:42:56 PM,2016/04/28 4:44:01 PM,North Carolina,,,http://arcaneiceman.github.io/FacebookSurvey/,,229,00:01:05,98.24.125.247,,,,,Yes,3,26,Female,High School ,,United States,North Carolina,,1,1,,,,,,,
Complete,65373813,English,2016/04/28 10:59:39 PM,2016/04/28 11:00:33 PM,Colorado,,,http://arcaneiceman.github.io/FacebookSurvey/,,201,00:00:54,192.245.61.207,,,,,Yes,2,42,Male,High School ,,United States,Colorado,,1,,1,,,,,,
Complete,65403764,English,2016/04/29 8:27:37 AM,2016/04/29 8:30:03 AM,Kansas,,,http://arcaneiceman.github.io/FacebookSurvey/,,210,00:02:25,162.195.226.150,,,,,Yes,1,47,Male,High School ,,United States,Kansas,,1,,1,,,,,,
Complete,65403792,English,2016/04/29 8:28:03 AM,2016/04/29 8:29:32 AM,Nevada,,,http://arcaneiceman.github.io/FacebookSurvey/,,224,00:01:29,75.142.46.22,,,,,Yes,1,21,Male,High School ,,United States,Nevada,,1,1,1,,,,,,
Complete,65403998,English,2016/04/29 8:31:28 AM,2016/04/29 8:33:03 AM,North Carolina,,,http://arcaneiceman.github.io/FacebookSurvey/,,203,00:01:34,184.35.13.13,,,,,Yes,1,49,Female,Graduate School,,United States,,,1,,1,,,1,,,
Complete,65404281,English,2016/04/29 8:35:42 AM,2016/04/29 8:37:38 AM,North Carolina,,,http://arcaneiceman.github.io/FacebookSurvey/,,199,00:01:56,24.74.123.97,,,,,Yes,3,31,Male,College Degree,,United States,,,1,1,1,,,,,,
Complete,65404295,English,2016/04/29 8:36:01 AM,2016/04/29 8:36:57 AM,France,,,http://arcaneiceman.github.io/FacebookSurvey/,,251,00:00:56,90.76.9.95,,,,,Yes,3,27,Male,College Degree,,United States,Texas,,1,,1,,1,1,,,
Complete,65404334,English,2016/04/29 8:36:47 AM,2016/04/29 8:38:51 AM,California,,,http://arcaneiceman.github.io/FacebookSurvey/,,209,00:02:04,108.238.168.46,,,,,Yes,2,36,Male,High School ,,United States,California,,1,1,1,,,,1,Instagram,
Complete,65405434,English,2016/04/29 8:51:22 AM,2016/04/29 8:52:14 AM,New York,,,http://arcaneiceman.github.io/FacebookSurvey/,,246,00:00:52,108.46.54.70,,,,,Yes,1,24,Male,College Degree,,United States,New York,,1,1,1,1,,1,1,Instagram,
Complete,65406028,English,2016/04/29 8:59:11 AM,2016/04/29 9:00:15 AM,Washington,,,http://arcaneiceman.github.io/FacebookSurvey/,,251,00:01:03,67.185.153.76,,,,,Yes,1,28,Male,College Degree,,United States,Washington,,1,,1,1,1,,,,
Complete,65406710,English,2016/04/29 9:07:42 AM,2016/04/29 9:08:38 AM,Arkansas,,,http://arcaneiceman.github.io/FacebookSurvey/,,203,00:00:56,173.218.169.20,,,,,Yes,3,24,Male,College Degree,,United States,Arkansas,,1,1,1,,,,,,
Complete,65407297,English,2016/04/29 9:14:18 AM,2016/04/29 9:15:24 AM,,,,http://arcaneiceman.github.io/FacebookSurvey/,,211,00:01:06,73.244.110.94,,,,,Yes,2,38,Male,College Degree,,United States,Florida,,1,1,1,1,,,,,
Complete,65407729,English,2016/04/29 9:19:04 AM,2016/04/29 9:20:15 AM,,,,http://arcaneiceman.github.io/FacebookSurvey/,,246,00:01:11,70.125.129.134,,,,,Yes,1,40,Female,High School ,,United States,Texas,,1,1,,1,1,,,,
Complete,65408647,English,2016/04/29 9:28:06 AM,2016/04/29 9:29:07 AM,Taiwan,,,http://arcaneiceman.github.io/FacebookSurvey/,,255,00:01:01,61.223.77.235,,,,,Yes,4,32,Female,College Degree,,United States,South Carolina,,1,1,,1,,1,1,Wordpress,
Complete,65410852,English,2016/04/29 9:52:28 AM,2016/04/29 9:53:06 AM,Illinois,,,http://arcaneiceman.github.io/FacebookSurvey/,,221,00:00:37,108.61.101.175,,,,,Yes,3,26,Male,College Degree,,United States,Michigan,,1,1,1,,,,,,
Complete,65412093,English,2016/04/29 10:05:12 AM,2016/04/29 10:06:29 AM,Texas,,,https://arcaneiceman.github.io/FacebookSurvey/,,241,00:01:17,67.11.74.2,,,,,Yes,3,25,Male,High School ,,United States,Texas,,1,1,1,,,,,,
Complete,65412527,English,2016/04/29 10:09:34 AM,2016/04/29 10:10:11 AM,,,,http://arcaneiceman.github.io/FacebookSurvey/,,211,00:00:37,73.0.21.132,,,,,Yes,2,20,Male,High School ,,United States,Florida,,1,1,1,,1,,,,
Complete,65413468,English,2016/04/29 10:19:02 AM,2016/04/29 10:19:57 AM,Michigan,,,http://arcaneiceman.github.io/FacebookSurvey/,,217,00:00:55,107.5.36.128,,,,,Yes,2,45,Female,High School ,,United States,Michigan,,1,1,,,,,,,
Complete,65413869,English,2016/04/29 10:22:59 AM,2016/04/29 10:24:33 AM,New York,,,http://arcaneiceman.github.io/FacebookSurvey/,,208,00:01:33,173.56.18.48,,,,,Yes,1,35,Female,College Degree,,United States,,,1,1,1,1,,1,,,
Complete,65419157,English,2016/04/29 11:13:20 AM,2016/04/29 11:14:02 AM,North Carolina,,,http://arcaneiceman.github.io/FacebookSurvey/,,234,00:00:42,69.132.27.89,,,,,Yes,3,35,Female,College Degree,,United States,North Carolina,,1,1,,1,,,,,
Complete,65420562,English,2016/04/29 11:26:37 AM,2016/04/29 11:27:25 AM,Illinois,,,http://arcaneiceman.github.io/FacebookSurvey/,,227,00:00:48,108.171.131.188,,,,,Yes,3,36,Male,College Degree,,United States,Michigan,,1,1,1,,,1,,,
Complete,65420861,English,2016/04/29 11:29:29 AM,2016/04/29 11:30:58 AM,Texas,,,http://arcaneiceman.github.io/FacebookSurvey/,,241,00:01:29,76.30.36.131,,,,,Yes,4,33,Male,College Degree,,United States,Texas,,1,,1,,,,,,
Complete,65421374,English,2016/04/29 11:34:13 AM,2016/04/29 11:34:51 AM,Connecticut,,,http://arcaneiceman.github.io/FacebookSurvey/,,215,00:00:38,71.234.48.150,,,,,Yes,1,32,Female,Graduate School,,United States,Massachusetts,,1,,,,,,,,
Complete,65421832,English,2016/04/29 11:38:33 AM,2016/04/29 11:39:20 AM,Texas,,,http://arcaneiceman.github.io/FacebookSurvey/,,248,00:00:47,173.226.163.50,,,,,Yes,4,41,Male,Graduate School,,United States,Texas,,1,,1,,,1,,,
Complete,65422094,English,2016/04/29 11:41:04 AM,2016/04/29 11:41:47 AM,Pennsylvania,,,http://arcaneiceman.github.io/FacebookSurvey/,,241,00:00:43,157.229.149.193,,,,,Yes,4,26,Female,College Degree,,United States,Pennsylvania,,1,,1,1,,,,,
Complete,65422192,English,2016/04/29 11:41:56 AM,2016/04/29 11:43:03 AM,Nebraska,,,http://arcaneiceman.github.io/FacebookSurvey/,,235,00:01:07,68.13.47.187,,,,,Yes,4,29,Male,College Degree,,United States,Nebraska,,1,,1,1,,1,,,
Complete,65422461,English,2016/04/29 11:44:29 AM,2016/04/29 11:45:27 AM,Indiana,,,http://arcaneiceman.github.io/FacebookSurvey/,,216,00:00:58,97.78.192.139,,,,,Yes,2,25,Male,College Degree,,United States,Indiana,,1,,1,,,1,,,
Complete,65423003,English,2016/04/29 11:49:34 AM,2016/04/29 11:51:00 AM,,,,http://arcaneiceman.github.io/FacebookSurvey/,,241,00:01:26,97.99.31.39,,,,,Yes,3,25,Male,High School ,,United States,Texas,,1,1,1,,,,,,
Complete,65423192,English,2016/04/29 11:51:33 AM,2016/04/29 11:52:09 AM,Korea,,,http://arcaneiceman.github.io/FacebookSurvey/,,204,00:00:36,182.216.110.67,,,,,Yes,3,35,Male,Graduate School,,United States,,,1,,1,,,1,,,
Complete,65424559,English,2016/04/29 12:04:13 PM,2016/04/29 12:05:03 PM,South Carolina,,,http://arcaneiceman.github.io/FacebookSurvey/,,238,00:00:50,24.88.83.53,,,,,Yes,2,27,Male,College Degree,,United States,South Carolina,,1,1,1,,,,,,
Complete,65424658,English,2016/04/29 12:05:16 PM,2016/04/29 12:06:50 PM,Florida,,,http://arcaneiceman.github.io/FacebookSurvey/,,210,00:01:34,74.162.52.151,,,,,Yes,2,41,Female,College Degree,,United States,Florida,,1,,,,,,1,Instagram,
Complete,65425080,English,2016/04/29 12:09:34 PM,2016/04/29 12:10:25 PM,Indiana,,,http://arcaneiceman.github.io/FacebookSurvey/,,215,00:00:50,50.129.5.11,,,,,Yes,2,42,Male,College Degree,,United States,Michigan,,1,,,,,,,,
Complete,65425330,English,2016/04/29 12:11:42 PM,2016/04/29 12:12:31 PM,,,,http://arcaneiceman.github.io/FacebookSurvey/,,217,00:00:49,192.168.1.127,,,,,Yes,4,37,Male,Other,Associates Degree,United States,Florida,,1,1,1,,,1,,,
Complete,65426044,English,2016/04/29 12:18:07 PM,2016/04/29 12:18:56 PM,New York,,,http://arcaneiceman.github.io/FacebookSurvey/,,233,00:00:49,74.79.198.249,,,,,Yes,2,29,Male,College Degree,,United States,New York,,1,1,,,,1,,,
Complete,65426473,English,2016/04/29 12:22:14 PM,2016/04/29 12:22:57 PM,Texas,,,http://arcaneiceman.github.io/FacebookSurvey/,,206,00:00:42,76.186.14.173,,,,,Yes,2,32,Female,High School ,,United States,,,1,,1,1,,1,,,
Complete,65426474,English,2016/04/29 12:22:16 PM,2016/04/29 12:23:03 PM,Ohio,,,http://arcaneiceman.github.io/FacebookSurvey/,,235,00:00:47,98.30.240.149,,,,,Yes,2,62,Male,Graduate School,,United States,Ohio,,1,,,,,1,,,
Complete,65426881,English,2016/04/29 12:26:24 PM,2016/04/29 12:27:13 PM,Pennsylvania,,,http://arcaneiceman.github.io/FacebookSurvey/,,240,00:00:49,76.98.9.147,,,,,Yes,2,29,Male,College Degree,,United States,Pennsylvania,,1,,1,,,1,,,
Complete,65427110,English,2016/04/29 12:28:26 PM,2016/04/29 12:29:23 PM,Arizona,,,http://arcaneiceman.github.io/FacebookSurvey/,,206,00:00:57,67.61.94.230,,,,,Yes,3,32,Male,Graduate School,,United States,,,1,1,1,,,1,,,
Complete,65427415,English,2016/04/29 12:31:20 PM,2016/04/29 12:32:15 PM,,,,http://arcaneiceman.github.io/FacebookSurvey/,,225,00:00:54,10.75.75.168,,,,,Yes,3,25,Male,College Degree,,United States,Maryland,,1,1,1,,,1,,,
Complete,65427750,English,2016/04/29 12:34:22 PM,2016/04/29 12:35:29 PM,Virginia,,,http://arcaneiceman.github.io/FacebookSurvey/,,244,00:01:07,70.174.185.249,,,,,Yes,2,33,Female,Graduate School,,United States,Virginia,,1,,1,,,,,,
Complete,65427913,English,2016/04/29 12:35:41 PM,2016/04/29 12:38:39 PM,Russian Federation,,,http://arcaneiceman.github.io/FacebookSurvey/,,198,00:02:58,95.106.148.87,,,,,Yes,2,46,Female,High School ,,United States,California,,1,,,,,,,,
Complete,65428355,English,2016/04/29 12:39:26 PM,2016/04/29 12:40:37 PM,Georgia,,,http://arcaneiceman.github.io/FacebookSurvey/,,206,00:01:11,74.7.11.194,,,,,Yes,2,31,Male,College Degree,,United States,Georgia,,1,,1,,,,,,
Complete,65428482,English,2016/04/29 12:40:18 PM,2016/04/29 12:43:05 PM,Massachusetts,,,http://arcaneiceman.github.io/FacebookSurvey/,,219,00:02:47,74.8.119.71,,,,,Yes,3,25,Female,College Degree,,United States,Massachusetts,,1,,1,,,,,,
Complete,65429107,English,2016/04/29 12:46:00 PM,2016/04/29 12:46:41 PM,,,,http://arcaneiceman.github.io/FacebookSurvey/,,207,00:00:41,73.23.176.112,,,,,Yes,3,30,Female,College Degree,,United States,Florida,,1,,1,,,,,,
Complete,65429316,English,2016/04/29 12:47:42 PM,2016/04/29 12:48:21 PM,District of Columbia,,,http://arcaneiceman.github.io/FacebookSurvey/,,251,00:00:38,66.28.37.19,,,,,Yes,3,24,Male,College Degree,,United States,Virginia,,1,1,1,,,1,,,
Complete,65429349,English,2016/04/29 12:47:58 PM,2016/04/29 12:49:05 PM,West Virginia,,,http://arcaneiceman.github.io/FacebookSurvey/,,246,00:01:07,67.163.166.225,,,,,Yes,3,28,Female,College Degree,,United States,Pennsylvania,,1,,1,1,,1,,,
Complete,65429375,English,2016/04/29 12:48:12 PM,2016/04/29 12:49:39 PM,,,,,,236,00:01:27,104.138.223.81,,,,,Yes,3,35,Male,High School ,,United States,North Carolina,,1,,1,,,,1,Google+,
Complete,65429563,English,2016/04/29 12:50:11 PM,2016/04/29 12:50:47 PM,Florida,,,http://arcaneiceman.github.io/FacebookSurvey/,,206,00:00:36,76.3.189.176,,,,,Yes,2,37,Female,High School ,,United States,Florida,,1,,,1,,,,,
Complete,65430078,English,2016/04/29 12:54:44 PM,2016/04/29 12:55:49 PM,Illinois,,,http://arcaneiceman.github.io/FacebookSurvey/,,220,00:01:05,50.203.147.170,,,,,Yes,4,26,Male,College Degree,,United States,Illinois,,1,1,1,,,,1,Instagram,
Complete,65430172,English,2016/04/29 12:55:28 PM,2016/04/29 12:56:18 PM,,,,http://arcaneiceman.github.io/FacebookSurvey/,,205,00:00:50,73.208.13.141,,,,,Yes,4,26,Male,Graduate School,,United States,,,1,,1,,,1,,,
Complete,65430235,English,2016/04/29 12:55:59 PM,2016/04/29 12:56:38 PM,,,,http://arcaneiceman.github.io/FacebookSurvey/,,233,00:00:39,4.35.18.30,,,,,Yes,2,23,Male,Graduate School,,United States,New Jersey,,1,,1,,,1,,,
Complete,65430735,English,2016/04/29 12:59:46 PM,2016/04/29 1:00:44 PM,,,,http://arcaneiceman.github.io/FacebookSurvey/,,260,00:00:57,24.164.90.203,,,,,Yes,4,30,Female,Other,Some college,United States,Ohio,,1,1,1,1,1,1,1,Instagram,
Complete,65431521,English,2016/04/29 1:06:37 PM,2016/04/29 1:07:17 PM,Washington,,,http://arcaneiceman.github.io/FacebookSurvey/,,241,00:00:40,24.219.192.102,,,,,Yes,2,20,Male,High School ,,United States,Virginia,,1,,1,,,,,,
Complete,65431621,English,2016/04/29 1:07:27 PM,2016/04/29 1:08:33 PM,District of Columbia,,,http://arcaneiceman.github.io/FacebookSurvey/,,254,00:01:06,70.91.89.9,,,,,Yes,2,24,Male,College Degree,,United States,Virginia,,1,1,1,1,,1,,,
Complete,65431666,English,2016/04/29 1:07:51 PM,2016/04/29 1:08:45 PM,Washington,,,http://arcaneiceman.github.io/FacebookSurvey/,,247,00:00:54,67.170.130.24,,,,,Yes,2,45,Female,College Degree,,United States,Washington,,1,,,,,1,,,
Complete,65431990,English,2016/04/29 1:10:33 PM,2016/04/29 1:11:34 PM,California,,,http://arcaneiceman.github.io/FacebookSurvey/,,196,00:01:01,205.164.4.181,,,,,Yes,4,23,Male,Graduate School,,United States,,,1,,,,,,,,
Complete,65432182,English,2016/04/29 1:11:59 PM,2016/04/29 1:12:39 PM,,,,http://arcaneiceman.github.io/FacebookSurvey/,,203,00:00:40,100.34.24.190,,,,,Yes,1,38,Male,Graduate School,,United States,Delaware,,1,1,,,,,,,
Complete,65432711,English,2016/04/29 1:16:19 PM,2016/04/29 1:17:27 PM,Florida,,,http://arcaneiceman.github.io/FacebookSurvey/,,206,00:01:08,71.48.233.168,,,,,Yes,3,59,Female,High School ,,United States,Florida,,1,,1,,,,,,
Complete,65433095,English,2016/04/29 1:19:14 PM,2016/04/29 1:20:00 PM,Alabama,,,http://arcaneiceman.github.io/FacebookSurvey/,,199,00:00:46,24.35.207.53,,,,,Yes,2,29,Female,Graduate School,,United States,Alabama,,1,,1,,,,,,
Complete,65433124,English,2016/04/29 1:19:28 PM,2016/04/29 1:20:14 PM,New Hampshire,,,http://arcaneiceman.github.io/FacebookSurvey/,,226,00:00:46,71.232.144.169,,,,,Yes,3,32,Female,High School ,,United States,New Hampshire,,1,,1,,,,,,
Complete,65433502,English,2016/04/29 1:22:09 PM,2016/04/29 1:23:46 PM,Texas,,,http://arcaneiceman.github.io/FacebookSurvey/,,245,00:01:37,198.62.219.7,,,,,Yes,1,49,Female,College Degree,,United States,Texas,,1,1,1,1,,,,,
Complete,65433627,English,2016/04/29 1:23:07 PM,2016/04/29 1:24:13 PM,New Mexico,,,http://arcaneiceman.github.io/FacebookSurvey/,,239,00:01:06,50.130.249.70,,,,,Yes,2,30,Female,Graduate School,,United States,New Mexico,,1,,1,1,,1,,,
Complete,65434280,English,2016/04/29 1:28:25 PM,2016/04/29 1:29:38 PM,New York,,,http://arcaneiceman.github.io/FacebookSurvey/,,218,00:01:12,65.254.24.242,,,,,Yes,2,38,Male,Graduate School,,United States,Illinois,,1,1,1,,,1,,,
Complete,65434865,English,2016/04/29 1:31:54 PM,2016/04/29 1:33:02 PM,New Mexico,,,http://arcaneiceman.github.io/FacebookSurvey/,,231,00:01:08,66.167.133.143,,,,,Yes,3,40,Female,College Degree,,United States,New Mexico,,1,1,1,,,,,,
Complete,65434963,English,2016/04/29 1:32:17 PM,2016/04/29 1:33:31 PM,New York,,,http://arcaneiceman.github.io/FacebookSurvey/,,232,00:01:14,128.205.162.73,,,,,Yes,2,31,Male,College Degree,,United States,New York,,1,,1,1,,,,,
Complete,65435204,English,2016/04/29 1:34:25 PM,2016/04/29 1:40:36 PM,Massachusetts,,,http://arcaneiceman.github.io/FacebookSurvey/,,237,00:06:10,100.0.75.140,,,,,Yes,2,38,Female,Graduate School,,United States,Rhode Island,,1,,1,,,,,,
Complete,65435335,English,2016/04/29 1:35:29 PM,2016/04/29 1:36:24 PM,,,,http://arcaneiceman.github.io/FacebookSurvey/,,243,00:00:55,74.135.5.99,,,,,Yes,5,27,Male,College Degree,,United States,Ohio,,1,1,1,,,,1,Instagram,
Complete,65436261,English,2016/04/29 1:43:08 PM,2016/04/29 1:44:44 PM,Wisconsin,,,http://arcaneiceman.github.io/FacebookSurvey/,,243,00:01:36,74.62.99.50,,,,,Yes,3,23,Male,College Degree,,United States,Wisconsin,,1,,,,,,,,
Complete,65436645,English,2016/04/29 1:46:15 PM,2016/04/29 1:47:26 PM,,,,http://arcaneiceman.github.io/FacebookSurvey/,,199,00:01:11,107.185.123.153,,,,,Yes,1,37,Male,High School ,,United States,California,,1,,1,,,,,,
Complete,65437023,English,2016/04/29 1:49:11 PM,2016/04/29 1:50:06 PM,Illinois,,,http://arcaneiceman.github.io/FacebookSurvey/,,217,00:00:55,70.228.116.192,,,,,Yes,2,31,Male,College Degree,,United States,Illinois,,1,1,1,,,1,,,
Complete,65437074,English,2016/04/29 1:49:37 PM,2016/04/29 1:50:25 PM,,,,http://arcaneiceman.github.io/FacebookSurvey/,,251,00:00:47,73.225.149.123,,,,,Yes,2,49,Female,High School ,,United States,Washington,,1,1,1,,,1,,,
Complete,65437512,English,2016/04/29 1:53:22 PM,2016/04/29 1:54:12 PM,Florida,,,http://arcaneiceman.github.io/FacebookSurvey/,,203,00:00:50,184.91.158.237,,,,,Yes,2,31,Female,College Degree,,United States,Florida,,1,,,,,,,,
Complete,65437780,English,2016/04/29 1:55:31 PM,2016/04/29 1:58:35 PM,,,,http://arcaneiceman.github.io/FacebookSurvey/,,256,00:03:04,50.153.177.63,,,,,Yes,2,23,Female,College Degree,,United States,Virginia,,1,1,1,,1,1,,,
Complete,65438047,English,2016/04/29 1:57:35 PM,2016/04/29 2:00:08 PM,Mississippi,,,http://arcaneiceman.github.io/FacebookSurvey/,,226,00:02:33,24.179.51.136,,,,,Yes,2,53,Female,High School ,,United States,Mississippi,,1,1,1,1,,,,,
Complete,65438177,English,2016/04/29 1:58:26 PM,2016/04/29 1:59:39 PM,Quebec,,,http://arcaneiceman.github.io/FacebookSurvey/,,202,00:01:13,173.199.65.62,,,,,Yes,3,34,Female,College Degree,,United States,California,,1,1,,,,,,,
Complete,65438281,English,2016/04/29 1:59:01 PM,2016/04/29 2:00:14 PM,California,,,http://arcaneiceman.github.io/FacebookSurvey/,,203,00:01:13,23.243.170.69,,,,,Yes,2,36,Male,College Degree,,United States,California,,1,1,1,,,,,,
Complete,65438451,English,2016/04/29 2:00:03 PM,2016/04/29 2:00:58 PM,Missouri,,,http://arcaneiceman.github.io/FacebookSurvey/,,217,00:00:55,153.91.44.230,,,,,Yes,3,25,Female,Graduate School,,United States,,,1,1,1,1,1,,1,Snapchat,
Complete,65438568,English,2016/04/29 2:00:54 PM,2016/04/29 2:01:46 PM,Kansas,,,http://arcaneiceman.github.io/FacebookSurvey/,,225,00:00:52,98.156.120.163,,,,,Yes,4,36,Female,College Degree,,United States,Missouri,,1,,,1,,,,,
Complete,65438962,English,2016/04/29 2:03:21 PM,2016/04/29 2:04:50 PM,Florida,,,http://arcaneiceman.github.io/FacebookSurvey/,,220,00:01:29,97.102.166.0,,,,,Yes,4,37,Female,College Degree,,United States,Florida,,1,1,1,1,,1,,,
Complete,65439344,English,2016/04/29 2:06:18 PM,2016/04/29 2:07:30 PM,Alabama,,,http://arcaneiceman.github.io/FacebookSurvey/,,210,00:01:12,199.248.232.2,,,,,Yes,3,34,Female,High School ,,United States,Florida,,1,,,,,,1,Imgur,
Complete,65439422,English,2016/04/29 2:06:55 PM,2016/04/29 2:08:07 PM,Tennessee,,,http://arcaneiceman.github.io/FacebookSurvey/,,202,00:01:12,24.151.235.77,,,,,Yes,2,52,Male,High School ,,United States,Georgia,,1,,,,,,,,
Complete,65439642,English,2016/04/29 2:08:27 PM,2016/04/29 2:10:11 PM,Florida,,,http://arcaneiceman.github.io/FacebookSurvey/,,218,00:01:44,71.47.150.92,,,,,Yes,2,26,Male,High School ,,United States,Florida,,1,1,1,,1,,1,Instagram,
Complete,65440069,English,2016/04/29 2:11:49 PM,2016/04/29 2:12:30 PM,,,,http://arcaneiceman.github.io/FacebookSurvey/,,202,00:00:41,76.171.179.95,,,,,Yes,2,30,Male,High School ,,United States,California,,1,1,1,,,,,,
Complete,65440091,English,2016/04/29 2:11:59 PM,2016/04/29 2:12:56 PM,,,,http://arcaneiceman.github.io/FacebookSurvey/,,223,00:00:57,50.195.206.173,,,,,Yes,2,36,Male,College Degree,,United States,Indiana,,1,1,1,,1,1,,,
Complete,65440193,English,2016/04/29 2:12:45 PM,2016/04/29 2:13:27 PM,Kentucky,,,http://arcaneiceman.github.io/FacebookSurvey/,,211,00:00:42,98.93.82.52,,,,,Yes,2,34,Female,College Degree,,United States,Kentucky,,1,,,,,,,,
Complete,65440470,English,2016/04/29 2:14:48 PM,2016/04/29 2:15:36 PM,Ohio,,,http://arcaneiceman.github.io/FacebookSurvey/,,249,00:00:48,12.168.192.210,,,,,Yes,4,36,Female,High School ,,United States,Ohio,,1,1,,1,,1,1,"Instagram, Snapchat",
Complete,65440857,English,2016/04/29 2:17:46 PM,2016/04/29 2:18:46 PM,Massachusetts,,,http://arcaneiceman.github.io/FacebookSurvey/,,252,00:01:00,172.56.23.163,,,,,Yes,4,31,Female,College Degree,,United States,Pennsylvania,,1,1,1,,,1,1,Instagram,
Complete,65441262,English,2016/04/29 2:21:04 PM,2016/04/29 2:21:55 PM,Illinois,,,http://arcaneiceman.github.io/FacebookSurvey/,,207,00:00:51,98.226.21.145,,,,,Yes,2,40,Male,High School ,,United States,Illinois,,1,1,,,,,,,
Complete,65441297,English,2016/04/29 2:21:20 PM,2016/04/29 2:22:39 PM,Wisconsin,,,http://arcaneiceman.github.io/FacebookSurvey/,,250,00:01:19,184.60.110.254,,,,,Yes,2,33,Male,High School ,,United States,Wisconsin,,1,,1,,,1,,,
Complete,65441304,English,2016/04/29 2:21:23 PM,2016/04/29 2:22:11 PM,West Virginia,,,http://arcaneiceman.github.io/FacebookSurvey/,,263,00:00:48,173.80.151.209,,,,,Yes,4,33,Male,College Degree,,United States,West Virginia,,1,1,1,1,1,1,,,
Complete,65441919,English,2016/04/29 2:24:56 PM,2016/04/29 2:35:42 PM,Virginia,,,http://arcaneiceman.github.io/FacebookSurvey/,,215,00:10:46,159.54.35.4,,,,,Yes,1,24,Female,College Degree,,United States,Indiana,,1,,1,,1,,,,
Complete,65441921,English,2016/04/29 2:24:56 PM,2016/04/29 2:26:09 PM,,,,http://arcaneiceman.github.io/FacebookSurvey/,,215,00:01:13,73.205.71.146,,,,,Yes,2,28,Female,College Degree,,United States,Florida,,1,1,,1,,1,,,
Complete,65441973,English,2016/04/29 2:25:14 PM,2016/04/29 2:26:19 PM,New York,,,http://arcaneiceman.github.io/FacebookSurvey/,,234,00:01:05,108.30.0.198,,,,,Yes,2,23,Male,College Degree,,United States,New York,,1,,1,,,1,,,
Complete,65442124,English,2016/04/29 2:26:37 PM,2016/04/29 2:27:48 PM,Pennsylvania,,,http://arcaneiceman.github.io/FacebookSurvey/,,238,00:01:08,67.43.97.24,,,,,Yes,3,19,Male,High School ,,United States,Pennsylvania,,1,,,,,,1,Instagram,
Complete,65442294,English,2016/04/29 2:27:42 PM,2016/04/29 2:28:37 PM,,,,http://arcaneiceman.github.io/FacebookSurvey/,,216,00:00:55,73.100.45.67,,,,,Yes,4,29,Male,College Degree,,United States,Massachusetts,,1,,,,,,,,
Complete,65442594,English,2016/04/29 2:29:43 PM,2016/04/29 2:30:19 PM,New York,,,http://arcaneiceman.github.io/FacebookSurvey/,,204,00:00:36,24.97.173.3,,,,,Yes,2,37,Male,College Degree,,United States,,,1,1,1,,,1,,,
Complete,65442937,English,2016/04/29 2:32:34 PM,2016/04/29 2:33:29 PM,New York,,,http://arcaneiceman.github.io/FacebookSurvey/,,227,00:00:55,173.77.160.87,,,,,Yes,2,37,Male,High School ,,United States,New York,,1,,1,,,,,,
Complete,65443278,English,2016/04/29 2:35:29 PM,2016/04/29 2:36:10 PM,Illinois,,,http://arcaneiceman.github.io/FacebookSurvey/,,219,00:00:41,199.15.128.130,,,,,Yes,4,29,Female,Graduate School,,United States,Illinois,,1,,1,,,1,,,
Complete,65443544,English,2016/04/29 2:37:41 PM,2016/04/29 2:38:19 PM,California,,,http://arcaneiceman.github.io/FacebookSurvey/,,219,00:00:38,76.90.70.18,,,,,Yes,3,28,Female,Graduate School,,United States,California,,1,,1,1,1,1,,,
Complete,65444293,English,2016/04/29 2:42:04 PM,2016/04/29 2:43:07 PM,Colorado,,,http://arcaneiceman.github.io/FacebookSurvey/,,209,00:01:03,75.171.217.145,,,,,Yes,3,29,Female,High School ,,United States,Colorado,,1,1,1,1,,,,,
Complete,65444347,English,2016/04/29 2:42:30 PM,2016/04/29 2:44:09 PM,Florida,,,http://arcaneiceman.github.io/FacebookSurvey/,,231,00:01:39,204.195.144.235,,,,,Yes,3,27,Female,College Degree,,United States,Florida,,1,1,1,1,1,1,1,instagram,
Complete,65444428,English,2016/04/29 2:43:11 PM,2016/04/29 2:46:39 PM,,,,http://arcaneiceman.github.io/FacebookSurvey/,,216,00:03:28,172.98.67.56,,,,,Yes,2,37,Male,High School ,,United States,Maine,,1,1,1,,,,,,
Complete,65444657,English,2016/04/29 2:45:01 PM,2016/04/29 2:46:08 PM,,,,http://arcaneiceman.github.io/FacebookSurvey/,,248,00:01:07,73.183.11.84,,,,,Yes,3,33,Male,College Degree,,United States,Pennsylvania,,1,1,1,,1,1,,,
Complete,65444710,English,2016/04/29 2:45:29 PM,2016/04/29 2:46:37 PM,Nebraska,,,http://arcaneiceman.github.io/FacebookSurvey/,,231,00:01:08,108.167.41.241,,,,,Yes,4,27,Female,Other,"some college, but no degree",United States,Nebraska,,1,1,,1,,,,,
Complete,65445368,English,2016/04/29 2:49:49 PM,2016/04/29 2:50:46 PM,Florida,,,http://arcaneiceman.github.io/FacebookSurvey/,,211,00:00:57,71.46.227.84,,,,,Yes,3,38,Female,College Degree,,United States,Florida,,1,,1,1,,,,,
Complete,65445785,English,2016/04/29 2:53:08 PM,2016/04/29 2:54:16 PM,Maryland,,,http://arcaneiceman.github.io/FacebookSurvey/,,227,00:01:08,71.248.118.80,,,,,Yes,1,33,Male,College Degree,,United States,Maryland,,1,1,1,1,,1,,,
Complete,65445842,English,2016/04/29 2:53:33 PM,2016/04/29 2:54:36 PM,,,,http://arcaneiceman.github.io/FacebookSurvey/,,229,00:01:03,104.228.143.186,,,,,Yes,2,26,Male,High School ,,United States,New York,,1,1,1,,,,,,
Complete,65446031,English,2016/04/29 2:55:11 PM,2016/04/29 2:55:48 PM,Minnesota,,,http://arcaneiceman.github.io/FacebookSurvey/,,224,00:00:37,24.118.89.133,,,,,Yes,5,31,Male,College Degree,,United States,Minnesota,,1,1,1,,,,,,
Complete,65446515,English,2016/04/29 2:58:39 PM,2016/04/29 3:00:00 PM,Delaware,,,http://arcaneiceman.github.io/FacebookSurvey/,,208,00:01:21,68.57.28.227,,,,,Yes,3,26,Male,High School ,,United States,Georgia,,1,1,1,,,,,,
Complete,65446685,English,2016/04/29 2:59:58 PM,2016/04/29 3:00:54 PM,New York,,,http://arcaneiceman.github.io/FacebookSurvey/,,235,00:00:56,67.247.146.170,,,,,Yes,2,29,Female,College Degree,,United States,New York,,1,1,1,1,,,,,
Complete,65446695,English,2016/04/29 3:00:02 PM,2016/04/29 3:01:47 PM,California,,,http://arcaneiceman.github.io/FacebookSurvey/,,204,00:01:45,108.184.0.72,,,,,Yes,3,24,Male,College Degree,,United States,California,,1,1,1,,,,,,
Complete,65447356,English,2016/04/29 3:04:52 PM,2016/04/29 3:09:23 PM,Massachusetts,,,http://arcaneiceman.github.io/FacebookSurvey/,,220,00:04:31,108.20.200.62,,,,,Yes,2,32,Male,College Degree,,United States,Massachusetts,,1,,,,,1,,,
Complete,65447499,English,2016/04/29 3:06:05 PM,2016/04/29 3:10:08 PM,New York,,,http://arcaneiceman.github.io/FacebookSurvey/,,229,00:04:03,98.14.168.94,,,,,Yes,2,26,Male,High School ,,United States,New York,,1,1,1,,,,,,
Complete,65447887,English,2016/04/29 3:09:14 PM,2016/04/29 3:10:07 PM,Iowa,,,http://arcaneiceman.github.io/FacebookSurvey/,,220,00:00:53,173.20.54.121,,,,,Yes,3,21,Male,College Degree,,United States,Iowa,,1,1,1,,,1,,,
Complete,65447988,English,2016/04/29 3:09:57 PM,2016/04/29 3:10:45 PM,,,,http://arcaneiceman.github.io/FacebookSurvey/,,230,00:00:48,45.30.100.84,,,,,Yes,2,35,Female,High School ,,United States,Mississippi,,1,,1,1,,1,,,
Complete,65448651,English,2016/04/29 3:15:05 PM,2016/04/29 3:16:11 PM,Texas,,,http://arcaneiceman.github.io/FacebookSurvey/,,255,00:01:06,66.76.173.6,,,,,Yes,3,26,Female,College Degree,,United States,Texas,,1,1,,1,1,1,,,
Complete,65449108,English,2016/04/29 3:18:34 PM,2016/04/29 3:19:48 PM,California,,,http://arcaneiceman.github.io/FacebookSurvey/,,209,00:01:13,75.63.25.219,,,,,Yes,3,27,Female,College Degree,,United States,,,1,1,,,1,,1,instagram,
Complete,65449606,English,2016/04/29 3:22:28 PM,2016/04/29 3:23:51 PM,Texas,,,http://arcaneiceman.github.io/FacebookSurvey/,,252,00:01:22,76.254.151.193,,,,,Yes,4,37,Female,High School ,,United States,Texas,,1,,1,1,,,1,Youtube,
Complete,65449677,English,2016/04/29 3:23:02 PM,2016/04/29 3:24:08 PM,,,,http://arcaneiceman.github.io/FacebookSurvey/,,202,00:01:06,104.3.156.137,,,,,Yes,2,26,Male,High School ,,United States,California,,1,1,1,,,,,,
Complete,65450318,English,2016/04/29 3:27:40 PM,2016/04/29 3:28:24 PM,Wisconsin,,,http://arcaneiceman.github.io/FacebookSurvey/,,247,00:00:44,68.187.72.143,,,,,Yes,2,27,Male,College Degree,,United States,Wisconsin,,1,1,1,,,,,,
Complete,65450943,English,2016/04/29 3:32:14 PM,2016/04/29 3:33:32 PM,Utah,,,http://arcaneiceman.github.io/FacebookSurvey/,,263,00:01:17,76.27.22.195,,,,,Yes,2,26,Female,College Degree,,United States,Utah,,1,,1,1,1,1,1,Instagram,
Complete,65451558,English,2016/04/29 3:35:04 PM,2016/04/29 3:35:47 PM,Tennessee,,,http://arcaneiceman.github.io/FacebookSurvey/,,248,00:00:43,165.214.11.74,,,,,Yes,4,23,Male,College Degree,,United States,Tennessee,,1,1,1,,,1,,,
Complete,65452124,English,2016/04/29 3:38:53 PM,2016/04/29 3:39:31 PM,California,,,http://arcaneiceman.github.io/FacebookSurvey/,,209,00:00:37,76.172.88.43,,,,,Yes,2,27,Male,College Degree,,United States,California,,1,1,1,,,1,,,
Complete,65452134,English,2016/04/29 3:38:56 PM,2016/04/29 3:40:11 PM,North Carolina,,,http://arcaneiceman.github.io/FacebookSurvey/,,231,00:01:15,66.190.153.140,,,,,Yes,2,27,Female,College Degree,,United States,North Carolina,,1,,,1,,,,,
Complete,65452333,English,2016/04/29 3:40:15 PM,2016/04/29 3:41:17 PM,Pennsylvania,,,http://arcaneiceman.github.io/FacebookSurvey/,,242,00:01:02,71.114.181.139,,,,,Yes,4,20,Female,High School ,,United States,Pennsylvania,,1,1,1,1,,,,,
Complete,65452791,English,2016/04/29 3:43:51 PM,2016/04/29 3:44:42 PM,South Carolina,,,http://arcaneiceman.github.io/FacebookSurvey/,,243,00:00:51,67.197.101.143,,,,,Yes,2,36,Female,College Degree,,United States,South Carolina,,1,1,1,1,,,,,
Complete,65452820,English,2016/04/29 3:44:03 PM,2016/04/29 3:44:58 PM,Colorado,,,http://arcaneiceman.github.io/FacebookSurvey/,,222,00:00:55,76.25.217.64,,,,,Yes,4,28,Female,College Degree,,United States,Colorado,,1,1,1,1,1,1,,,
Complete,65452832,English,2016/04/29 3:44:06 PM,2016/04/29 3:44:46 PM,Florida,,,http://arcaneiceman.github.io/FacebookSurvey/,,216,00:00:40,98.180.122.228,,,,,Yes,4,21,Male,Graduate School,,United States,Florida,,1,1,1,,,1,,,
Complete,65453067,English,2016/04/29 3:45:57 PM,2016/04/29 3:46:38 PM,Utah,,,http://arcaneiceman.github.io/FacebookSurvey/,,254,00:00:41,174.52.161.247,,,,,Yes,4,21,Male,High School ,,United States,Utah,,1,1,1,,1,1,,,
Complete,65453282,English,2016/04/29 3:47:33 PM,2016/04/29 3:48:40 PM,Michigan,,,http://arcaneiceman.github.io/FacebookSurvey/,,215,00:01:07,68.41.104.167,,,,,Yes,1,37,Female,College Degree,,United States,Michigan,,1,,,,,,,,
Complete,65453626,English,2016/04/29 3:50:17 PM,2016/04/29 3:51:11 PM,Wisconsin,,,http://arcaneiceman.github.io/FacebookSurvey/,,256,00:00:54,66.168.55.47,,,,,Yes,5,29,Male,College Degree,,United States,Wisconsin,,1,1,1,,,1,,,
Complete,65453658,English,2016/04/29 3:50:32 PM,2016/04/29 3:51:09 PM,California,,,http://arcaneiceman.github.io/FacebookSurvey/,,215,00:00:37,98.255.164.215,,,,,Yes,3,29,Female,College Degree,,United States,California,,1,1,1,1,,1,,,
Complete,65454170,English,2016/04/29 3:54:22 PM,2016/04/29 3:55:45 PM,Arkansas,,,http://arcaneiceman.github.io/FacebookSurvey/,,222,00:01:23,99.56.92.215,,,,,Yes,4,38,Female,Other,some college no degree,United States,Arkansas,,1,1,1,1,1,1,,,
Complete,65454412,English,2016/04/29 3:55:48 PM,2016/04/29 3:56:46 PM,California,,,http://arcaneiceman.github.io/FacebookSurvey/,,207,00:00:58,69.26.139.86,,,,,Yes,2,25,Male,College Degree,,United States,California,,1,,1,,,1,,,
Complete,65454868,English,2016/04/29 3:59:25 PM,2016/04/29 4:00:16 PM,Illinois,,,http://arcaneiceman.github.io/FacebookSurvey/,,239,00:00:50,99.198.232.209,,,,,Yes,3,26,Female,College Degree,,United States,New York,,1,,1,1,1,,,,
Complete,65454973,English,2016/04/29 4:00:16 PM,2016/04/29 4:01:03 PM,New Jersey,,,http://arcaneiceman.github.io/FacebookSurvey/,,230,00:00:46,75.99.158.2,,,,,Yes,1,32,Male,High School ,,United States,New Jersey,,1,,1,,,1,,,
Complete,65455032,English,2016/04/29 4:00:47 PM,2016/04/29 4:01:52 PM,,,,http://arcaneiceman.github.io/FacebookSurvey/,,222,00:01:05,69.145.115.254,,,,,Yes,2,27,Male,College Degree,,United States,Montana,,1,,1,,,,,,
Complete,65455088,English,2016/04/29 4:01:09 PM,2016/04/29 4:02:08 PM,Nevada,,,https://arcaneiceman.github.io/FacebookSurvey/,,232,00:00:59,71.92.177.122,,,,,Yes,3,23,Male,College Degree,,United States,Nevada,,1,1,1,,1,,,,
Complete,65456015,English,2016/04/29 4:07:05 PM,2016/04/29 4:08:23 PM,Nevada,,,http://arcaneiceman.github.io/FacebookSurvey/,,230,00:01:18,24.253.97.183,,,,,Yes,4,27,Female,High School ,,United States,Nevada,,1,,1,1,,,,,
Complete,65456355,English,2016/04/29 4:08:15 PM,2016/04/29 4:09:52 PM,,,,https://survey.ubc.ca/s/facebook-study-t1/,,221,00:01:37,98.179.194.235,,,,,Yes,2,44,Male,High School ,,United States,Louisiana,,1,1,1,,,1,,,
Complete,65457624,English,2016/04/29 4:20:11 PM,2016/04/29 4:20:54 PM,Michigan,,,http://arcaneiceman.github.io/FacebookSurvey/,,220,00:00:43,75.133.40.242,,,,,Yes,2,27,Female,Graduate School,,United States,Michigan,,1,,1,,,,,,
Complete,65457652,English,2016/04/29 4:20:25 PM,2016/04/29 4:21:18 PM,Illinois,,,http://arcaneiceman.github.io/FacebookSurvey/,,249,00:00:53,108.61.228.113,,,,,Yes,4,26,Male,College Degree,,United States,Wisconsin,,1,1,1,,,,,,
Complete,65458277,English,2016/04/29 4:24:19 PM,2016/04/29 4:25:16 PM,California,,,http://arcaneiceman.github.io/FacebookSurvey/,,210,00:00:57,108.80.48.210,,,,,Yes,4,32,Male,Graduate School,,United States,California,,1,1,1,1,,,,,
Complete,65458441,English,2016/04/29 4:25:45 PM,2016/04/29 4:26:44 PM,California,,,http://arcaneiceman.github.io/FacebookSurvey/,,201,00:00:58,68.105.94.42,,,,,Yes,1,36,Male,High School ,,United States,California,,1,1,1,,,,,,
Complete,65458445,English,2016/04/29 4:25:48 PM,2016/04/29 4:27:22 PM,,,,http://arcaneiceman.github.io/FacebookSurvey/,,210,00:01:34,104.62.180.203,,,,,Yes,1,37,Female,College Degree,,United States,California,,1,1,1,,,,1,Instagram,
Complete,65458576,English,2016/04/29 4:27:08 PM,2016/04/29 4:28:00 PM,Mexico,,,http://arcaneiceman.github.io/FacebookSurvey/,,203,00:00:52,189.222.36.74,,,,,Yes,3,29,Female,College Degree,,United States,California,,1,,1,,,,,,
Complete,65458583,English,2016/04/29 4:27:12 PM,2016/04/29 4:28:05 PM,New York,,,http://arcaneiceman.github.io/FacebookSurvey/,,229,00:00:53,24.90.209.22,,,,,Yes,2,23,Female,College Degree,,United States,New York,,1,,1,,,,,,
Complete,65460108,English,2016/04/29 4:37:12 PM,2016/04/29 4:38:14 PM,Utah,,,http://arcaneiceman.github.io/FacebookSurvey/,,252,00:01:02,67.186.217.105,,,,,Yes,2,38,Female,College Degree,,United States,Utah,,1,,1,1,,,1,instagram,
Complete,65460446,English,2016/04/29 4:40:27 PM,2016/04/29 4:41:48 PM,Pennsylvania,,,http://arcaneiceman.github.io/FacebookSurvey/,,243,00:01:21,108.16.100.75,,,,,Yes,2,23,Male,Other,In progress: Undergraduate,United States,Pennsylvania,,1,,1,,,,1,Instagram,
Complete,65460855,English,2016/04/29 4:43:59 PM,2016/04/29 4:45:12 PM,Maryland,,,http://arcaneiceman.github.io/FacebookSurvey/,,236,00:01:13,205.128.224.6,,,,,Yes,3,26,Female,Graduate School,,United States,Maryland,,1,1,1,1,1,1,,,
Complete,65461279,English,2016/04/29 4:48:00 PM,2016/04/29 4:49:08 PM,Ohio,,,http://arcaneiceman.github.io/FacebookSurvey/,,246,00:01:08,131.123.1.227,,,,,Yes,3,32,Female,Graduate School,,United States,Ohio,,1,1,1,1,,1,,,
Complete,69045529,English,2016/06/06 9:52:57 PM,2016/06/06 9:53:48 PM,Wisconsin,,,http://arcaneiceman.github.io/FacebookSurvey/,,247,00:00:51,96.60.205.126,,,,,Yes,2,31,Male,College Degree,,United States,Utah,,1,1,1,,1,,,,
Complete,69045593,English,2016/06/06 9:54:21 PM,2016/06/06 9:55:04 PM,California,,,http://arcaneiceman.github.io/FacebookSurvey/,,206,00:00:43,50.184.99.180,,,,,Yes,2,40,Female,College Degree,,United States,California,,1,,,,,,1,INSTAGRAM,
Complete,69045714,English,2016/06/06 9:57:00 PM,2016/06/06 9:57:41 PM,,,,http://arcaneiceman.github.io/FacebookSurvey/,,245,00:00:41,73.83.234.255,,,,,Yes,3,34,Male,High School ,,United States,Washington,,1,1,1,,,,,,
Complete,69045752,English,2016/06/06 9:57:39 PM,2016/06/06 9:58:19 PM,California,,,http://arcaneiceman.github.io/FacebookSurvey/,,212,00:00:40,97.90.17.240,,,,,Yes,1,23,Male,College Degree,,United States,,,1,1,1,1,1,1,,,
Complete,69045760,English,2016/06/06 9:57:45 PM,2016/06/06 9:59:18 PM,Nevada,,,http://arcaneiceman.github.io/FacebookSurvey/,,233,00:01:33,70.170.14.123,,,,,Yes,3,25,Female,College Degree,,United States,Nevada,,1,1,1,,1,,,,
Complete,69045763,English,2016/06/06 9:57:46 PM,2016/06/06 9:58:34 PM,Kentucky,,,http://arcaneiceman.github.io/FacebookSurvey/,,261,00:00:48,74.139.12.111,,,,,Yes,3,24,Female,College Degree,,United States,Virginia,,1,1,1,1,1,1,,,
Complete,69045780,English,2016/06/06 9:57:58 PM,2016/06/06 9:59:27 PM,Virginia,,,https://arcaneiceman.github.io/FacebookSurvey/,,251,00:01:29,173.73.164.38,,,,,Yes,3,25,Male,College Degree,,United States,Virginia,,1,1,1,,,1,,,
Complete,69045781,English,2016/06/06 9:57:59 PM,2016/06/06 9:59:16 PM,New Jersey,,,http://arcaneiceman.github.io/FacebookSurvey/,,226,00:01:17,68.37.252.95,,,,,Yes,2,67,Female,Graduate School,,United States,Michigan,,1,1,1,1,,,,,
Complete,69045790,English,2016/06/06 9:58:07 PM,2016/06/06 9:59:55 PM,California,,,http://arcaneiceman.github.io/FacebookSurvey/,,210,00:01:48,99.162.91.102,,,,,Yes,3,27,Female,College Degree,,United States,California,,1,1,1,,1,,,,
Complete,69045804,English,2016/06/06 9:58:17 PM,2016/06/06 9:59:45 PM,Ohio,,,http://arcaneiceman.github.io/FacebookSurvey/,,236,00:01:28,76.188.35.106,,,,,Yes,3,35,Female,High School ,,United States,Ohio,,1,,,,,,1,instagram,
Complete,69045811,English,2016/06/06 9:58:22 PM,2016/06/06 9:59:37 PM,,,,http://arcaneiceman.github.io/FacebookSurvey/,,243,00:01:15,73.83.253.69,,,,,Yes,2,26,Female,High School ,,United States,Washington,,1,,1,,,,,,
Complete,69045812,English,2016/06/06 9:58:24 PM,2016/06/06 9:59:26 PM,Arkansas,,,http://arcaneiceman.github.io/FacebookSurvey/,,203,00:01:02,184.180.248.220,,,,,Yes,4,25,Female,College Degree,,United States,Arkansas,,1,,1,,,,,,
Complete,69045833,English,2016/06/06 9:58:35 PM,2016/06/06 9:59:14 PM,Texas,,,http://arcaneiceman.github.io/FacebookSurvey/,,205,00:00:39,72.181.215.47,,,,,Yes,1,30,Male,Graduate School,,United States,Florida,,1,,1,,,,,,
Complete,69045840,English,2016/06/06 9:58:38 PM,2016/06/06 9:59:31 PM,,,,http://arcaneiceman.github.io/FacebookSurvey/,,206,00:00:53,73.170.83.154,,,,,Yes,3,33,Male,College Degree,,United States,California,,1,,,,,,1,Snapchat,
Complete,69045846,English,2016/06/06 9:58:43 PM,2016/06/06 9:59:22 PM,Colorado,,,http://arcaneiceman.github.io/FacebookSurvey/,,212,00:00:39,174.24.48.147,,,,,Yes,1,38,Female,College Degree,,United States,Colorado,,1,,1,1,,1,,,
Complete,69045862,English,2016/06/06 9:58:57 PM,2016/06/06 10:00:09 PM,California,,,http://arcaneiceman.github.io/FacebookSurvey/,,201,00:01:12,108.75.118.195,,,,,Yes,2,43,Female,College Degree,,United States,California,,1,1,,,,,,,
Complete,69045872,English,2016/06/06 9:59:09 PM,2016/06/06 9:59:45 PM,Oklahoma,,,http://arcaneiceman.github.io/FacebookSurvey/,,203,00:00:36,12.162.87.171,,,,,Yes,2,26,Male,High School ,,United States,Colorado,,1,1,1,,,,,,
Complete,69045877,English,2016/06/06 9:59:13 PM,2016/06/06 10:00:16 PM,Washington,,,http://arcaneiceman.github.io/FacebookSurvey/,,257,00:01:03,24.219.192.102,,,,,Yes,4,25,Female,High School ,,United States,Virginia,,1,1,1,,1,1,,,
Complete,69045882,English,2016/06/06 9:59:17 PM,2016/06/06 10:00:41 PM,Georgia,,,http://arcaneiceman.github.io/FacebookSurvey/,,218,00:01:24,72.152.70.185,,,,,Yes,3,29,Female,High School ,,United States,Georgia,,1,,1,1,,,1,"Instagram, Vine, Snapchat",
Complete,69045904,English,2016/06/06 9:59:37 PM,2016/06/06 10:00:28 PM,Idaho,,,http://arcaneiceman.github.io/FacebookSurvey/,,200,00:00:51,65.129.6.7,,,,,Yes,None (0),38,Male,High School ,,United States,,,1,,1,,,,1,Google+,
Complete,69045916,English,2016/06/06 9:59:45 PM,2016/06/06 10:00:17 PM,,,,http://arcaneiceman.github.io/FacebookSurvey/,,204,00:00:32,73.192.27.97,,,,,Yes,2,43,Male,College Degree,,United States,,,1,1,1,,,1,,,
Complete,69045950,English,2016/06/06 10:00:13 PM,2016/06/06 10:01:17 PM,Florida,,,http://arcaneiceman.github.io/FacebookSurvey/,,205,00:01:04,142.196.78.188,,,,,Yes,1,30,Male,High School ,,United States,Florida,,1,1,1,,,,,,
Complete,69046011,English,2016/06/06 10:01:12 PM,2016/06/06 10:02:16 PM,Hawaii,,,http://arcaneiceman.github.io/FacebookSurvey/,,223,00:01:04,198.199.136.86,,,,,Yes,3,21,Female,High School ,,United States,Hawaii,,1,,1,1,1,1,,,
Complete,69046015,English,2016/06/06 10:01:15 PM,2016/06/06 10:03:20 PM,California,,,http://arcaneiceman.github.io/FacebookSurvey/,,202,00:02:05,108.238.168.46,,,,,Yes,2,36,Male,High School ,,United States,California,,1,1,1,,,,,,
Complete,69046037,English,2016/06/06 10:01:37 PM,2016/06/06 10:02:38 PM,Alabama,,,http://arcaneiceman.github.io/FacebookSurvey/,,209,00:01:01,99.180.93.191,,,,,Yes,3,30,Female,College Degree,,United States,Alabama,,1,,1,1,,1,,,
Complete,69046137,English,2016/06/06 10:03:20 PM,2016/06/06 10:11:14 PM,New Jersey,,,http://arcaneiceman.github.io/FacebookSurvey/,,226,00:07:54,68.36.121.114,,,,,Yes,2,28,Male,College Degree,,United States,Michigan,,1,1,1,,,1,,,
Complete,69046164,English,2016/06/06 10:03:45 PM,2016/06/06 10:04:46 PM,Missouri,,,http://arcaneiceman.github.io/FacebookSurvey/,,218,00:01:01,199.227.30.94,,,,,Yes,2,36,Female,College Degree,,United States,Florida,,1,1,1,1,,1,,,
Complete,69046199,English,2016/06/06 10:04:11 PM,2016/06/06 10:05:17 PM,,,,http://arcaneiceman.github.io/FacebookSurvey/,,236,00:01:06,172.72.37.8,,,,,Yes,1,26,Female,High School ,,United States,North Carolina,,1,1,,1,1,,,,
Complete,69046218,English,2016/06/06 10:04:22 PM,2016/06/06 10:05:30 PM,New Jersey,,,http://arcaneiceman.github.io/FacebookSurvey/,,239,00:01:08,74.105.53.82,,,,,Yes,1,29,Female,Graduate School,,United States,New Jersey,,1,1,1,1,,1,,,
Complete,69046237,English,2016/06/06 10:04:43 PM,2016/06/06 10:05:39 PM,,,,http://arcaneiceman.github.io/FacebookSurvey/,,233,00:00:55,73.52.223.136,,,,,Yes,4,33,Female,College Degree,,United States,Ohio,,1,1,,,,,,,
Complete,69046277,English,2016/06/06 10:05:19 PM,2016/06/06 10:07:35 PM,,,,http://arcaneiceman.github.io/FacebookSurvey/,,218,00:02:16,100.15.19.234,,,,,Yes,2,26,Male,College Degree,,United States,Maryland,,1,1,1,,,,,,
Complete,69046293,English,2016/06/06 10:05:36 PM,2016/06/06 10:07:36 PM,Colorado,,,http://arcaneiceman.github.io/FacebookSurvey/,,221,00:02:00,12.19.197.12,,,,,Yes,3,27,Male,College Degree,,United States,Kansas,,1,1,1,,,1,,,
Complete,69046299,English,2016/06/06 10:05:45 PM,2016/06/06 10:14:47 PM,,,,http://arcaneiceman.github.io/FacebookSurvey/,,231,00:09:01,72.24.158.50,,,,,Yes,1,24,Male,High School ,,United States,Mississippi,,1,1,1,,1,1,,,
Complete,69046325,English,2016/06/06 10:06:12 PM,2016/06/06 10:08:49 PM,Florida,,,http://arcaneiceman.github.io/FacebookSurvey/,,220,00:02:37,98.249.142.160,,,,,Yes,4,48,Female,College Degree,,United States,Florida,,1,1,1,1,,1,,,
Complete,69046358,English,2016/06/06 10:06:56 PM,2016/06/06 10:07:42 PM,,,,http://arcaneiceman.github.io/FacebookSurvey/,,245,00:00:45,24.97.30.14,,,,,Yes,4,26,Female,College Degree,,United States,New York,,1,1,,1,1,1,,,
Complete,69046446,English,2016/06/06 10:08:01 PM,2016/06/06 10:09:16 PM,Ohio,,,http://arcaneiceman.github.io/FacebookSurvey/,,230,00:01:15,76.188.232.212,,,,,Yes,2,39,Male,High School ,,United States,Pennsylvania,,1,,,,,,,,
Complete,69046490,English,2016/06/06 10:08:36 PM,2016/06/06 10:09:16 PM,Florida,,,http://arcaneiceman.github.io/FacebookSurvey/,,222,00:00:40,96.58.132.121,,,,,Yes,2,25,Male,College Degree,,United States,Florida,,1,1,1,1,1,1,,,
Complete,69046541,English,2016/06/06 10:09:35 PM,2016/06/06 10:10:06 PM,,,,http://arcaneiceman.github.io/FacebookSurvey/,,240,00:00:31,73.174.104.2,,,,,Yes,3,23,Female,College Degree,,United States,Pennsylvania,,1,,1,1,,,,,
Complete,69046562,English,2016/06/06 10:09:53 PM,2016/06/06 10:10:33 PM,California,,,http://arcaneiceman.github.io/FacebookSurvey/,,200,00:00:39,70.167.157.162,,,,,Yes,2,29,Male,College Degree,,United States,California,,1,1,,,,,,,
Complete,69046594,English,2016/06/06 10:10:39 PM,2016/06/06 10:11:19 PM,Washington,,,http://arcaneiceman.github.io/FacebookSurvey/,,251,00:00:40,207.66.231.24,,,,,Yes,3,29,Male,High School ,,United States,Washington,,1,1,1,,,1,,,
Complete,69046617,English,2016/06/06 10:10:59 PM,2016/06/06 10:11:46 PM,Illinois,,,http://arcaneiceman.github.io/FacebookSurvey/,,204,00:00:45,216.125.160.51,,,,,Yes,4,29,Male,College Degree,,United States,,,1,1,1,1,,,,,
Complete,69046620,English,2016/06/06 10:11:04 PM,2016/06/06 10:11:48 PM,Oregon,,,http://arcaneiceman.github.io/FacebookSurvey/,,240,00:00:43,50.137.138.226,,,,,Yes,5,20,Female,High School ,,United States,Oregon,,1,,1,1,,,,,
Complete,69046634,English,2016/06/06 10:11:18 PM,2016/06/06 10:12:11 PM,Florida,,,http://arcaneiceman.github.io/FacebookSurvey/,,213,00:00:53,173.26.146.219,,,,,Yes,1,27,Male,Other,some college,United States,Florida,,1,,1,,,,1,youtube,
Complete,69046653,English,2016/06/06 10:11:47 PM,2016/06/06 10:12:31 PM,New Jersey,,,http://arcaneiceman.github.io/FacebookSurvey/,,245,00:00:44,69.141.177.210,,,,,Yes,3,27,Female,College Degree,,United States,New York,,1,,1,1,1,1,,,
Complete,69046676,English,2016/06/06 10:12:13 PM,2016/06/06 10:13:14 PM,Missouri,,,http://arcaneiceman.github.io/FacebookSurvey/,,228,00:01:01,198.209.9.250,,,,,Yes,3,21,Male,High School ,,United States,Missouri,,1,1,1,,1,,,,
Complete,69046685,English,2016/06/06 10:12:28 PM,2016/06/06 10:13:43 PM,North Carolina,,,http://arcaneiceman.github.io/FacebookSurvey/,,201,00:01:15,162.226.84.244,,,,,Yes,5,31,Female,College Degree,,United States,,,1,,,1,,,,,
Complete,69046686,English,2016/06/06 10:12:30 PM,2016/06/06 10:13:18 PM,New York,,,http://arcaneiceman.github.io/FacebookSurvey/,,211,00:00:48,69.203.81.239,,,,,Yes,5,21,Female,College Degree,,United States,Florida,,1,,,,1,,,,
Complete,69046702,English,2016/06/06 10:12:45 PM,2016/06/06 10:13:43 PM,Florida,,,http://arcaneiceman.github.io/FacebookSurvey/,,195,00:00:58,71.2.135.27,,,,,Yes,3,30,Female,College Degree,,United States,,,1,,,,,,,,
Complete,69046717,English,2016/06/06 10:13:05 PM,2016/06/06 10:14:01 PM,,,,http://arcaneiceman.github.io/FacebookSurvey/,,246,00:00:56,70.32.217.99,,,,,Yes,3,40,Female,Graduate School,,United States,West Virginia,,1,1,,,,,,,
Complete,69046728,English,2016/06/06 10:13:14 PM,2016/06/06 10:14:11 PM,Louisiana,,,http://arcaneiceman.github.io/FacebookSurvey/,,224,00:00:56,209.124.225.56,,,,,Yes,3,35,Female,College Degree,,United States,Louisiana,,1,,,1,,,1,Instagram,
Complete,69046759,English,2016/06/06 10:14:04 PM,2016/06/06 10:14:59 PM,,,,http://arcaneiceman.github.io/FacebookSurvey/,,217,00:00:55,73.89.206.128,,,,,Yes,3,27,Male,High School ,,United States,Massachusetts,,1,,1,,,,,,
Complete,69046766,English,2016/06/06 10:14:11 PM,2016/06/06 10:15:05 PM,Georgia,,,http://arcaneiceman.github.io/FacebookSurvey/,,207,00:00:53,66.168.186.111,,,,,Yes,3,31,Male,College Degree,,United States,Georgia,,1,,1,,,,,,
Complete,69046794,English,2016/06/06 10:14:29 PM,2016/06/06 10:15:22 PM,Nebraska,,,http://arcaneiceman.github.io/FacebookSurvey/,,225,00:00:53,67.3.137.134,,,,,Yes,3,30,Male,High School ,,United States,Nebraska,,1,1,1,,,,,,
Complete,69046829,English,2016/06/06 10:15:07 PM,2016/06/06 10:16:04 PM,,,,http://arcaneiceman.github.io/FacebookSurvey/,,211,00:00:57,172.76.161.160,,,,,Yes,2,26,Male,College Degree,,United States,Florida,,1,,1,,,1,,,
Complete,69046864,English,2016/06/06 10:15:19 PM,2016/06/06 10:16:04 PM,,,,http://arcaneiceman.github.io/FacebookSurvey/,,247,00:00:45,75.140.236.154,,,,,Yes,2,31,Male,High School ,,United States,Texas,,1,,1,1,1,,,,
Complete,69046877,English,2016/06/06 10:15:23 PM,2016/06/06 10:16:04 PM,New York,,,http://arcaneiceman.github.io/FacebookSurvey/,,240,00:00:41,108.6.246.20,,,,,Yes,2,46,Female,College Degree,,United States,New York,,1,1,1,1,1,,,,
Complete,69046885,English,2016/06/06 10:15:27 PM,2016/06/06 10:16:44 PM,New Jersey,,,http://arcaneiceman.github.io/FacebookSurvey/,,238,00:01:17,50.166.110.37,,,,,Yes,4,41,Female,College Degree,,United States,New Jersey,,1,1,1,,,,1,Instagram,
Complete,69046895,English,2016/06/06 10:15:39 PM,2016/06/06 10:16:37 PM,Washington,,,http://arcaneiceman.github.io/FacebookSurvey/,,254,00:00:58,24.17.169.213,,,,,Yes,1,28,Female,College Degree,,United States,Washington,,1,1,1,1,1,,,,
Complete,69046896,English,2016/06/06 10:15:39 PM,2016/06/06 10:16:11 PM,Colorado,,,http://arcaneiceman.github.io/FacebookSurvey/,,209,00:00:32,69.144.137.178,,,,,Yes,1,29,Male,Graduate School,,United States,Colorado,,1,1,1,,1,,,,
Complete,69046923,English,2016/06/06 10:16:15 PM,2016/06/06 10:17:10 PM,Arizona,,,http://arcaneiceman.github.io/FacebookSurvey/,,203,00:00:55,172.56.41.240,,,,,Yes,2,36,Male,College Degree,,United States,,,1,1,1,,1,,,,
Complete,69046930,English,2016/06/06 10:16:20 PM,2016/06/06 10:20:05 PM,Florida,,,http://arcaneiceman.github.io/FacebookSurvey/,,219,00:03:45,68.202.116.132,,,,,Yes,None (0),26,Male,High School ,,United States,Florida,,1,1,1,1,1,1,,,
Complete,69046935,English,2016/06/06 10:16:28 PM,2016/06/06 10:17:57 PM,Georgia,,,http://arcaneiceman.github.io/FacebookSurvey/,,211,00:01:29,209.179.99.119,,,,,Yes,3,45,Female,College Degree,,United States,Georgia,,1,,,,,1,,,
Complete,69046936,English,2016/06/06 10:16:35 PM,2016/06/06 10:18:12 PM,,,,http://arcaneiceman.github.io/FacebookSurvey/,,220,00:01:37,97.73.160.171,,,,,Yes,3,29,Male,College Degree,,United States,Montana,,1,,,,,,,,
Complete,69046955,English,2016/06/06 10:16:59 PM,2016/06/06 10:17:42 PM,Nevada,,,http://arcaneiceman.github.io/FacebookSurvey/,,233,00:00:42,70.173.109.168,,,,,Yes,4,23,Male,High School ,,United States,Nevada,,1,1,1,,,1,,,
Complete,69046967,English,2016/06/06 10:17:18 PM,2016/06/06 10:18:10 PM,Mexico,,,http://arcaneiceman.github.io/FacebookSurvey/,,204,00:00:52,189.222.15.228,,,,,Yes,4,29,Female,College Degree,,United States,California,,1,,1,,,,,,
Complete,69046972,English,2016/06/06 10:17:21 PM,2016/06/06 10:18:08 PM,,,,http://arcaneiceman.github.io/FacebookSurvey/,,235,00:00:47,107.134.227.80,,,,,Yes,4,21,Female,High School ,,United States,New Hampshire,,1,1,,1,1,,,,
Complete,69046996,English,2016/06/06 10:17:54 PM,2016/06/06 10:20:07 PM,Alabama,,,http://arcaneiceman.github.io/FacebookSurvey/,,203,00:02:13,107.210.80.173,,,,,Yes,1,64,Male,Graduate School,,United States,Alabama,,1,1,,,,,1,Google +,
Complete,69046999,English,2016/06/06 10:18:04 PM,2016/06/06 10:19:07 PM,California,,,http://arcaneiceman.github.io/FacebookSurvey/,,214,00:01:02,72.199.14.74,,,,,Yes,3,39,Female,Graduate School,,United States,Arizona,,1,1,1,1,,1,,,
Complete,69047002,English,2016/06/06 10:18:15 PM,2016/06/06 10:19:19 PM,,,,http://arcaneiceman.github.io/FacebookSurvey/,,211,00:01:04,73.192.27.97,,,,,Yes,3,41,Female,Graduate School,,United States,Florida,,1,,,,,1,,,
Complete,69047090,English,2016/06/06 10:18:59 PM,2016/06/06 10:19:55 PM,Florida,,,http://arcaneiceman.github.io/FacebookSurvey/,,226,00:00:55,76.18.204.128,,,,,Yes,4,30,Male,College Degree,,United States,Florida,,1,1,1,1,,1,1,instagram,
Complete,69047092,English,2016/06/06 10:19:00 PM,2016/06/06 10:20:09 PM,,,,http://arcaneiceman.github.io/FacebookSurvey/,,216,00:01:09,73.159.218.247,,,,,Yes,2,19,Male,High School ,,United States,Massachusetts,,1,,1,,,,,,
Complete,69047099,English,2016/06/06 10:19:02 PM,2016/06/06 10:19:48 PM,,,,http://arcaneiceman.github.io/FacebookSurvey/,,249,00:00:46,104.184.132.63,,,,,Yes,4,34,Male,College Degree,,United States,Texas,,1,1,1,,,1,,,
Complete,69047112,English,2016/06/06 10:19:12 PM,2016/06/06 10:20:26 PM,Arizona,,,http://arcaneiceman.github.io/FacebookSurvey/,,226,00:01:13,172.56.41.232,,,,,Yes,5,33,Male,High School ,,United States,Nevada,,1,,1,,,,,,
Complete,69047130,English,2016/06/06 10:19:23 PM,2016/06/06 10:20:05 PM,,,,http://arcaneiceman.github.io/FacebookSurvey/,,226,00:00:42,74.109.188.145,,,,,Yes,None (0),23,Male,College Degree,,United States,New York,,1,,1,,,,,,
Complete,69047244,English,2016/06/06 10:21:09 PM,2016/06/06 10:21:52 PM,Maryland,,,http://arcaneiceman.github.io/FacebookSurvey/,,227,00:00:43,68.48.68.99,,,,,Yes,4,31,Male,High School ,,United States,Michigan,,1,1,1,,,1,,,
Complete,69047258,English,2016/06/06 10:21:34 PM,2016/06/06 10:22:21 PM,California,,,http://arcaneiceman.github.io/FacebookSurvey/,,200,00:00:47,208.72.222.2,,,,,Yes,1,35,Male,,,United States,California,,1,1,1,,,,,,
Complete,69047340,English,2016/06/06 10:23:27 PM,2016/06/06 10:24:37 PM,Texas,,,http://arcaneiceman.github.io/FacebookSurvey/,,238,00:01:10,173.172.250.111,,,,,Yes,2,22,Male,High School ,,United States,Texas,,1,,1,,,,,,
Complete,69047360,English,2016/06/06 10:23:46 PM,2016/06/06 10:24:56 PM,Illinois,,,http://arcaneiceman.github.io/FacebookSurvey/,,205,00:01:10,67.165.174.23,,,,,Yes,None (0),26,Male,High School ,,United States,Illinois,,1,1,,,,,,,
Complete,69047421,English,2016/06/06 10:24:21 PM,2016/06/06 10:25:11 PM,Oregon,,,http://arcaneiceman.github.io/FacebookSurvey/,,231,00:00:49,63.155.190.51,,,,,Yes,2,52,Female,College Degree,,United States,Oregon,,1,,,,,,,,
Complete,69047444,English,2016/06/06 10:24:56 PM,2016/06/06 10:25:28 PM,,,,http://arcaneiceman.github.io/FacebookSurvey/,,216,00:00:32,73.238.228.62,,,,,Yes,2,26,Male,College Degree,,United States,Massachusetts,,1,1,,,,,,,
Complete,69047483,English,2016/06/06 10:25:49 PM,2016/06/06 10:27:09 PM,,,,http://arcaneiceman.github.io/FacebookSurvey/,,235,00:01:20,108.53.76.136,,,,,Yes,3,29,Female,College Degree,,United States,New Jersey,,1,1,1,,1,,,,
Complete,69047490,English,2016/06/06 10:25:58 PM,2016/06/06 10:26:44 PM,Arizona,,,http://arcaneiceman.github.io/FacebookSurvey/,,206,00:00:46,98.175.215.2,,,,,Yes,2,32,Male,Graduate School,,United States,Arizona,,1,,1,,,1,,,
Complete,69047494,English,2016/06/06 10:26:04 PM,2016/06/06 10:54:29 PM,Florida,,,http://arcaneiceman.github.io/FacebookSurvey/,,208,00:00:38,68.226.14.5,,,,,Yes,3,23,Male,College Degree,,United States,Florida,,1,1,1,,,,,,
Complete,69047520,English,2016/06/06 10:26:40 PM,2016/06/06 10:27:59 PM,California,,,http://arcaneiceman.github.io/FacebookSurvey/,,208,00:01:18,24.5.160.212,,,,,Yes,2,26,Female,Other,Associate Degree,United States,California,,1,,1,1,,,,,
Complete,69047568,English,2016/06/06 10:27:34 PM,2016/06/06 10:28:24 PM,Connecticut,,,http://arcaneiceman.github.io/FacebookSurvey/,,202,00:00:50,204.86.209.200,,,,,Yes,4,28,Male,College Degree,,United States,California,,1,1,,,,,,,
Complete,69047633,English,2016/06/06 10:28:40 PM,2016/06/06 10:29:42 PM,Massachusetts,,,http://arcaneiceman.github.io/FacebookSurvey/,,206,00:01:02,98.217.244.64,,,,,Yes,4,22,Male,College Degree,,United States,,,1,1,1,,,1,,,
Complete,69047635,English,2016/06/06 10:28:43 PM,2016/06/06 10:31:34 PM,,,,http://arcaneiceman.github.io/FacebookSurvey/,,225,00:02:51,45.31.132.33,,,,,Yes,3,26,Female,Other,Some College,United States,Georgia,,1,1,,1,1,,1,"Instagram, Snapchat",
Complete,69047641,English,2016/06/06 10:28:52 PM,2016/06/06 10:30:20 PM,North Carolina,,,http://arcaneiceman.github.io/FacebookSurvey/,,231,00:01:28,208.27.127.74,,,,,Yes,2,56,Male,College Degree,,United States,North Carolina,,1,1,1,,,,,,
Complete,69047668,English,2016/06/06 10:29:27 PM,2016/06/06 10:30:16 PM,California,,,http://arcaneiceman.github.io/FacebookSurvey/,,207,00:00:49,68.4.237.34,,,,,Yes,3,25,Male,College Degree,,United States,California,,1,,1,,1,,,,
Complete,69047762,English,2016/06/06 10:30:22 PM,2016/06/06 10:31:19 PM,New Jersey,,,http://arcaneiceman.github.io/FacebookSurvey/,,237,00:00:57,72.76.39.199,,,,,Yes,2,27,Male,College Degree,,United States,New Jersey,,1,,1,,1,1,,,
Complete,69047768,English,2016/06/06 10:30:24 PM,2016/06/06 10:32:51 PM,New York,,,http://arcaneiceman.github.io/FacebookSurvey/,,225,00:02:27,98.14.170.194,,,,,Yes,1,36,Female,College Degree,,United States,New York,,1,,,,,,,,
Complete,69047828,English,2016/06/06 10:31:41 PM,2016/06/06 10:33:17 PM,,,,http://arcaneiceman.github.io/FacebookSurvey/,,200,00:01:19,96.19.253.164,,,,,Yes,2,25,Male,High School ,,United States,Arizona,,1,1,1,,,,,,
Complete,69047837,English,2016/06/06 10:31:57 PM,2016/06/06 10:33:06 PM,Florida,,,http://arcaneiceman.github.io/FacebookSurvey/,,212,00:01:08,68.200.167.6,,,,,Yes,4,30,Female,College Degree,,United States,Florida,,1,,1,1,,,,,
Complete,69047845,English,2016/06/06 10:32:11 PM,2016/06/06 10:33:43 PM,Alabama,,,http://arcaneiceman.github.io/FacebookSurvey/,,223,00:01:32,184.156.109.168,,,,,Yes,3,43,Female,College Degree,,United States,Alabama,,1,1,1,1,1,1,1,"TSU, FUTURENET",
Complete,69047866,English,2016/06/06 10:32:35 PM,2016/06/06 10:33:51 PM,South Carolina,,,http://arcaneiceman.github.io/FacebookSurvey/,,240,00:01:16,98.25.126.214,,,,,Yes,4,44,Female,Graduate School,,United States,South Carolina,,1,,1,,,,,,
Complete,69047899,English,2016/06/06 10:33:06 PM,2016/06/06 10:35:08 PM,,,,http://arcaneiceman.github.io/FacebookSurvey/,,228,00:02:02,68.146.239.208,,,,,Yes,4,23,Female,College Degree,,United States,California,,1,1,1,1,1,1,1,"Instagram, snapchat",
Complete,69047916,English,2016/06/06 10:33:25 PM,2016/06/06 10:36:16 PM,Washington,,,http://arcaneiceman.github.io/FacebookSurvey/,,255,00:02:51,50.135.225.214,,,,,Yes,4,18,Male,High School ,,United States,Washington,,1,1,1,1,1,,,,
Complete,69047952,English,2016/06/06 10:34:26 PM,2016/06/06 10:35:18 PM,New York,,,http://arcaneiceman.github.io/FacebookSurvey/,,230,00:00:52,173.77.160.87,,,,,Yes,3,37,Male,High School ,,United States,New York,,1,1,1,,,,,,
Complete,69047954,English,2016/06/06 10:34:27 PM,2016/06/06 10:35:16 PM,California,,,http://arcaneiceman.github.io/FacebookSurvey/,,241,00:00:49,166.137.218.28,,,,,Yes,2,33,Male,Graduate School,,United States,Oklahoma,,1,1,1,,,1,,,
Complete,69047984,English,2016/06/06 10:35:01 PM,2016/06/06 10:35:49 PM,California,,,https://arcaneiceman.github.io/FacebookSurvey/,,200,00:00:47,96.41.85.75,,,,,Yes,2,23,Male,High School ,,United States,California,,1,,1,,,,,,
Complete,69048016,English,2016/06/06 10:35:36 PM,2016/06/06 10:36:45 PM,,,,http://arcaneiceman.github.io/FacebookSurvey/,,236,00:01:08,73.253.130.37,,,,,Yes,3,45,Female,College Degree,,United States,Massachusetts,,1,1,1,1,1,1,,,
Complete,69048057,English,2016/06/06 10:35:59 PM,2016/06/06 10:37:18 PM,Georgia,,,http://arcaneiceman.github.io/FacebookSurvey/,,213,00:01:18,74.190.194.101,,,,,Yes,2,22,Female,High School ,,United States,Georgia,,1,1,1,,1,,,,
Complete,69048066,English,2016/06/06 10:36:16 PM,2016/06/06 10:37:18 PM,,,,http://arcaneiceman.github.io/FacebookSurvey/,,239,00:01:02,70.115.156.22,,,,,Yes,1,41,Male,High School ,,United States,Texas,,1,1,1,,,,,,
Complete,69048108,English,2016/06/06 10:37:08 PM,2016/06/06 10:38:08 PM,Texas,,,http://arcaneiceman.github.io/FacebookSurvey/,,241,00:01:00,66.87.120.244,,,,,Yes,1,30,Male,High School ,,United States,Texas,,1,,1,1,,,,,
Complete,69048214,English,2016/06/06 10:39:20 PM,2016/06/06 10:40:06 PM,,,,http://arcaneiceman.github.io/FacebookSurvey/,,199,00:00:46,38.95.108.246,,,,,Yes,2,35,Female,College Degree,,United States,California,,1,,,,,,,,
Complete,69048282,English,2016/06/06 10:40:32 PM,2016/06/06 10:41:29 PM,Connecticut,,,http://arcaneiceman.github.io/FacebookSurvey/,,207,00:00:56,24.177.246.178,,,,,Yes,4,29,Female,Graduate School,,United States,Connecticut,,1,,1,,,,,,
Complete,69048286,English,2016/06/06 10:40:36 PM,2016/06/06 10:42:06 PM,Michigan,,,http://arcaneiceman.github.io/FacebookSurvey/,,222,00:01:30,68.42.97.168,,,,,Yes,3,39,Male,College Degree,,United States,Michigan,,1,1,,1,,,,,
Complete,69048327,English,2016/06/06 10:41:32 PM,2016/06/06 10:42:20 PM,California,,,http://arcaneiceman.github.io/FacebookSurvey/,,214,00:00:47,72.197.33.58,,,,,Yes,2,34,Female,Graduate School,,United States,California,,1,1,1,1,1,,,,
Complete,69048339,English,2016/06/06 10:41:45 PM,2016/06/06 10:42:28 PM,,,,http://arcaneiceman.github.io/FacebookSurvey/,,252,00:00:43,73.230.74.210,,,,,Yes,2,23,Female,College Degree,,United States,Pennsylvania,,1,1,1,1,1,1,,,
Complete,69048378,English,2016/06/06 10:42:24 PM,2016/06/06 10:43:25 PM,,,,http://arcaneiceman.github.io/FacebookSurvey/,,241,00:01:01,73.165.128.234,,,,,Yes,2,18,Male,High School ,,United States,Pennsylvania,,1,1,1,,,1,,,
Complete,69048412,English,2016/06/06 10:43:03 PM,2016/06/06 10:44:06 PM,New Jersey,,,http://arcaneiceman.github.io/FacebookSurvey/,,227,00:01:02,173.63.209.152,,,,,Yes,1,41,Male,College Degree,,United States,New Jersey,,1,1,1,,,,,,
Complete,69048470,English,2016/06/06 10:43:52 PM,2016/06/06 10:44:44 PM,Florida,,,http://arcaneiceman.github.io/FacebookSurvey/,,202,00:00:52,50.140.111.134,,,,,Yes,3,20,Male,High School ,,United States,Florida,,1,,,,,,,,
Complete,69048565,English,2016/06/06 10:46:00 PM,2016/06/06 10:47:01 PM,Georgia,,,http://arcaneiceman.github.io/FacebookSurvey/,,207,00:01:01,98.80.216.85,,,,,Yes,3,49,Female,High School ,,United States,,,1,1,,1,,,1,Instagram,
Complete,69048656,English,2016/06/06 10:47:47 PM,2016/06/06 10:48:57 PM,,,,http://arcaneiceman.github.io/FacebookSurvey/,,257,00:01:10,97.83.213.118,,,,,Yes,3,33,Female,College Degree,,United States,Wisconsin,,1,,1,1,,1,,,
Complete,69048664,English,2016/06/06 10:47:52 PM,2016/06/06 10:49:09 PM,Oregon,,,http://arcaneiceman.github.io/FacebookSurvey/,,246,00:01:16,137.118.148.218,,,,,Yes,2,67,Male,College Degree,,United States,Oregon,,1,1,1,,1,1,,,
Complete,69048694,English,2016/06/06 10:48:28 PM,2016/06/06 10:49:18 PM,Minnesota,,,http://arcaneiceman.github.io/FacebookSurvey/,,225,00:00:50,98.240.250.107,,,,,Yes,2,22,Male,College Degree,,United States,Minnesota,,1,,1,,,1,,,
Complete,69048700,English,2016/06/06 10:48:37 PM,2016/06/06 10:49:11 PM,California,,,http://arcaneiceman.github.io/FacebookSurvey/,,195,00:00:34,98.176.113.75,,,,,Yes,None (0),37,Male,High School ,,United States,,,1,1,1,,,,,,
Complete,69048708,English,2016/06/06 10:48:42 PM,2016/06/06 10:50:05 PM,Texas,,,http://arcaneiceman.github.io/FacebookSurvey/,,256,00:01:23,70.114.166.251,,,,,Yes,3,47,Female,Other,Technical school,United States,Texas,,1,1,1,1,,,1,snapchat,
Complete,69048831,English,2016/06/06 10:51:02 PM,2016/06/06 10:52:29 PM,Ohio,,,http://arcaneiceman.github.io/FacebookSurvey/,,244,00:01:27,75.23.194.163,,,,,Yes,5,26,Female,Other,some college,United States,Ohio,,1,,,1,,1,,,
Complete,69048995,English,2016/06/06 10:53:37 PM,2016/06/06 10:54:51 PM,Florida,,,http://arcaneiceman.github.io/FacebookSurvey/,,202,00:01:14,68.200.18.199,,,,,Yes,2,46,Female,High School ,,United States,Florida,,1,,,,,,,,
Complete,69049115,English,2016/06/06 10:55:53 PM,2016/06/06 10:56:25 PM,California,,,http://arcaneiceman.github.io/FacebookSurvey/,,201,00:00:32,24.205.87.49,,,,,Yes,None (0),27,Male,College Degree,,United States,California,,1,1,1,,,,,,
Complete,69049221,English,2016/06/06 10:57:40 PM,2016/06/06 10:58:28 PM,Mexico,,,http://arcaneiceman.github.io/FacebookSurvey/,,225,00:00:48,189.181.159.11,,,,,Yes,4,38,Female,College Degree,,United States,Indiana,,1,1,1,1,,1,,,
Complete,69049276,English,2016/06/06 10:58:39 PM,2016/06/06 10:59:37 PM,California,,,http://arcaneiceman.github.io/FacebookSurvey/,,212,00:00:58,107.206.206.75,,,,,Yes,1,24,Female,College Degree,,United States,California,,1,1,1,1,1,,,,
Complete,69049278,English,2016/06/06 10:58:43 PM,2016/06/06 10:59:32 PM,South Carolina,,,http://arcaneiceman.github.io/FacebookSurvey/,,244,00:00:49,71.85.97.51,,,,,Yes,1,32,Female,College Degree,,United States,South Carolina,,1,,,1,,,1,instagram,
Complete,69049284,English,2016/06/06 10:58:47 PM,2016/06/06 11:18:45 PM,Hungary,,,http://arcaneiceman.github.io/FacebookSurvey/,,216,00:19:58,94.21.150.41,,,,,Yes,1,32,Male,College Degree,,United States,Massachusetts,,1,,1,,,,,,
Complete,69049324,English,2016/06/06 10:59:28 PM,2016/06/06 11:00:34 PM,California,,,http://arcaneiceman.github.io/FacebookSurvey/,,197,00:01:06,67.181.190.163,,,,,Yes,1,38,Female,High School ,,United States,California,,1,,,,,,,,
Complete,69049371,English,2016/06/06 11:00:23 PM,2016/06/06 11:02:01 PM,Pennsylvania,,,http://arcaneiceman.github.io/FacebookSurvey/,,244,00:01:38,108.16.233.119,,,,,Yes,3,25,Male,College Degree,,United States,Pennsylvania,,1,1,1,,,,1,Snapchat,
Complete,69049380,English,2016/06/06 11:00:32 PM,2016/06/06 11:01:20 PM,Maine,,,http://arcaneiceman.github.io/FacebookSurvey/,,217,00:00:48,66.252.49.246,,,,,Yes,2,30,Male,College Degree,,United States,Maine,,1,1,1,,,,,,
Complete,69049418,English,2016/06/06 11:01:05 PM,2016/06/06 11:02:19 PM,,,,http://arcaneiceman.github.io/FacebookSurvey/,,246,00:01:13,173.173.53.228,,,,,Yes,4,22,Female,College Degree,,United States,Texas,,1,1,,,1,,,,
Complete,69049494,English,2016/06/06 11:02:22 PM,2016/06/06 11:06:03 PM,Indiana,,,http://arcaneiceman.github.io/FacebookSurvey/,,210,00:03:40,71.46.80.206,,,,,Yes,1,61,Male,Graduate School,,United States,Indiana,,1,,1,,,,,,
Complete,69049511,English,2016/06/06 11:02:38 PM,2016/06/06 11:03:37 PM,Texas,,,http://arcaneiceman.github.io/FacebookSurvey/,,247,00:00:59,76.204.200.211,,,,,Yes,5,24,Female,College Degree,,United States,Texas,,1,,1,1,,,,,
Complete,69049549,English,2016/06/06 11:03:12 PM,2016/06/06 11:04:21 PM,Maine,,,http://arcaneiceman.github.io/FacebookSurvey/,,216,00:01:09,67.255.72.181,,,,,Yes,1,29,Male,College Degree,,United States,Maine,,1,1,1,,,,,,
Complete,69049604,English,2016/06/06 11:04:00 PM,2016/06/06 11:04:58 PM,Florida,,,http://arcaneiceman.github.io/FacebookSurvey/,,218,00:00:58,99.42.161.29,,,,,Yes,2,26,Female,Graduate School,,United States,Georgia,,1,1,,,1,1,,,
Complete,69049608,English,2016/06/06 11:04:04 PM,2016/06/06 11:28:11 PM,South Carolina,,,http://arcaneiceman.github.io/FacebookSurvey/,,241,00:24:07,24.214.212.52,,,,,Yes,None (0),27,Female,High School ,,United States,South Carolina,,1,1,1,,1,,,,
Complete,69049789,English,2016/06/06 11:07:26 PM,2016/06/06 11:08:53 PM,Kentucky,,,http://arcaneiceman.github.io/FacebookSurvey/,,220,00:01:27,74.138.234.253,,,,,Yes,3,23,Female,High School ,,United States,Kentucky,,1,1,1,1,,,,,
Complete,69049899,English,2016/06/06 11:09:34 PM,2016/06/06 11:10:30 PM,North Carolina,,,http://arcaneiceman.github.io/FacebookSurvey/,,239,00:00:56,107.15.36.214,,,,,Yes,4,34,Male,College Degree,,United States,North Carolina,,1,1,1,,,1,,,
