Status {_completed},Internal ID {_id},Language {_language},Created At {_created_at},Updated At {_updated_at},Location {_locale},Username {_username},GET Variables {_get_variables},Referrer {_referrer},Number of Saves {_saves},Weighted Score {_weighted_score},Completion Time {_completion_time},IP Address {_ip_address},Invite Code {_invite_code},Invite Email {_invite_email},Invite Name {_invite_name},Collector {_collector_id},Consent {eX5CRsgQi2},How old are you? {JXRf19iKda},What is your gender? {PJDppHGUqk},What is your highest level of education {IzJZILX7h5},What is your highest level of education {IzJZILX7h5\other} [other],In which state do you reside? {ErzEhHsuxU},Which of the following social networking sites do you use? {ETfTfEToLE\0} [Facebook],Which of the following social networking sites do you use? {ETfTfEToLE\1} [Twitter],Which of the following social networking sites do you use? {ETfTfEToLE\2} [Reddit],Which of the following social networking sites do you use? {ETfTfEToLE\3} [Pinterest],Which of the following social networking sites do you use? {ETfTfEToLE\4} [Tumblr],Which of the following social networking sites do you use? {ETfTfEToLE\5} [LinkedIn],Which of the following social networking sites do you use? {ETfTfEToLE\6} [Other],Which of the following social networking sites do you use? {ETfTfEToLE\6\text} [Other] [text],How much time do you spend on social networking sites per day? {gqiE8ldGgM},Please check all statements that apply to you. {hiXLSf5AuF\0} [I have posted a message in a group on Facebook and received a reply],Please check all statements that apply to you. {hiXLSf5AuF\1} [Someone I know has posted content on my Facebook wall],Please check all statements that apply to you. {hiXLSf5AuF\2} [I have received 5 or more unsolicited messages from strangers on Facebook],Please check all statements that apply to you. {hiXLSf5AuF\3} [One of my relatives has sent me a friend request on Facebook],Please check all statements that apply to you. {hiXLSf5AuF\4} [I have posted a picture of myself on Facebook],Please check all statements that apply to you. {hiXLSf5AuF\5} [Someone liked one of the pictures I posted on Facebook],Please check all statements that apply to you. {hiXLSf5AuF\6} [I have more than 300 friends on Facebook],Please check all statements that apply to you. {hiXLSf5AuF\7} [I am friends with one of my parents on Facebook],Please check all statements that apply to you. {hiXLSf5AuF\8} [I check Facebook every day],"Please check all statements that apply to you. {hiXLSf5AuF\9} [On average, I spend more than 30 minutes on Facebook every day]",Please check all statements that apply to you. {hiXLSf5AuF\10} [I have changed my Facebook profile picture in the last 12 months],"Please check all statements that apply to you. {hiXLSf5AuF\11} [In the last week, I have clicked on a link posted on my Facebook newsfeed]",Please check all statements that apply to you. {hiXLSf5AuF\12} [I have commented or liked a post in the last month on Facebook],Please check all statements that apply to you. {hiXLSf5AuF\13} [I am a member of a Facebook group],"Please check all statements that apply to you. {hiXLSf5AuF\14} [In the last week, I have checked Facebook while at work]",Please check all statements that apply to you. {hiXLSf5AuF\15} [I have reported an account on Facebook],Please check all statements that apply to you. {hiXLSf5AuF\16} [I re-shared someoneâ€™s post on Facebook],Please check all statements that apply to you. {hiXLSf5AuF\17} [I have made my birth date publicly visible on Facebook],Please check all statements that apply to you. {hiXLSf5AuF\18} [I have clicked on an advertisement on Facebook],Please check all statements that apply to you. {hiXLSf5AuF\19} [I have responded to an event invitation on Facebook],Please check all statements that apply to you. {hiXLSf5AuF\20} [ I have used a device of someone I know to access their Facebook account without permission],Please check all statements that apply to you. {hiXLSf5AuF\21} [Somebody I know has used my device to access my Facebook account without permission]
Complete,59981439,English,2016/02/27 4:02:28 AM,2016/02/27 4:03:16 AM,South Carolina,,,,,77,00:00:48,,,,,,Yes,20,Female,Other,Some College,South Carolina,1,1,,,,,,,More 1 hour,,,,,,,,,,,1,,1,,,,,,,,,
Complete,59981482,English,2016/02/27 4:03:59 AM,2016/02/27 4:04:58 AM,,,,,,213,00:00:59,,,,,,Yes,29,Male,High School ,,North Carolina,1,,,,,,,,Less than 30 minutes,1,1,1,1,1,1,,1,,,1,1,1,1,,,1,1,1,1,,1
Complete,59981570,English,2016/02/27 4:08:04 AM,2016/02/27 4:10:04 AM,California,,,,,126,00:02:00,,,,,,Yes,43,Female,High School ,,California,1,1,,,,,,,Less than 30 minutes,,1,,1,1,1,,,1,,1,1,1,1,,,1,,,1,,
Complete,59981682,English,2016/02/27 4:12:45 AM,2016/02/27 4:14:02 AM,,,,,,80,00:01:17,,,,,,Yes,30,Male,High School ,,New York,1,1,1,,,,,,Less than 30 minutes,,,1,1,,,,,,,,1,,,,,,,1,,,
Complete,59981811,English,2016/02/27 4:19:07 AM,2016/02/27 4:20:04 AM,Louisiana,,,,,96,00:00:57,,,,,,Yes,30,Female,College Degree,,Louisiana,1,1,,1,,,,,30 min - 1 hour,,,,1,1,,,,1,,,,1,1,,,,,1,,,
Complete,59981856,English,2016/02/27 4:20:37 AM,2016/02/27 4:22:03 AM,Arizona,,,,,201,00:01:25,,,,,,Yes,54,Female,Graduate School,,Arizona,1,1,,1,,1,,,More 1 hour,1,1,1,1,1,1,1,1,1,1,1,1,1,1,1,,1,,1,1,,
Complete,59981858,English,2016/02/27 4:20:39 AM,2016/02/27 4:22:56 AM,,,,,,165,00:02:17,,,,,,Yes,27,Male,College Degree,,New York,1,1,,,,,,,30 min - 1 hour,1,1,1,1,1,1,1,1,,,,,,1,,,1,1,1,1,,
Complete,59981918,English,2016/02/27 4:22:55 AM,2016/02/27 4:25:49 AM,Massachusetts,,,,,211,00:02:54,,,,,,Yes,50,Male,High School ,,Massachusetts,1,1,,,,1,1,Turker Nation,More 1 hour,1,1,1,1,1,1,1,,1,1,1,1,1,1,,1,1,1,,1,,
Complete,59981994,English,2016/02/27 4:26:46 AM,2016/02/27 4:28:37 AM,,,,,,245,00:01:51,,,,,,Yes,34,Male,College Degree,,New Jersey,1,,,1,,,1,Instagram,More 1 hour,1,1,,1,1,1,1,1,1,1,,1,1,1,1,1,1,1,1,1,,
Complete,59982019,English,2016/02/27 4:28:25 AM,2016/02/27 4:29:40 AM,Georgia,,,,,133,00:01:15,,,,,,Yes,56,Female,High School ,,Kentucky,1,1,1,1,1,,,,More 1 hour,1,1,,1,1,1,,,1,,1,1,1,1,,,1,,,,,
Complete,59982225,English,2016/02/27 4:38:47 AM,2016/02/27 4:40:10 AM,New York,,,,,172,00:01:22,,,,,,Yes,29,Female,College Degree,,Indiana,1,,,1,,1,,,30 min - 1 hour,1,1,,1,1,1,,,1,1,1,1,1,1,1,,,1,,1,,
Complete,59982754,English,2016/02/27 5:02:40 AM,2016/02/27 5:03:54 AM,California,,,,,202,00:01:14,,,,,,Yes,25,Female,College Degree,,California,1,1,1,1,,1,,,More 1 hour,1,1,,1,1,1,1,1,1,1,1,1,1,1,1,,1,,1,1,,
Complete,59983330,English,2016/02/27 5:26:23 AM,2016/02/27 5:28:02 AM,New York,,,,,233,00:01:39,,,,,,Yes,27,Male,College Degree,,New York,1,1,1,,1,,,,More 1 hour,1,1,1,1,,,1,1,1,1,1,1,1,1,1,1,1,,,1,1,
Complete,59983374,English,2016/02/27 5:28:06 AM,2016/02/27 5:29:07 AM,Mississippi,,,,,178,00:01:00,,,,,,Yes,25,Female,College Degree,,Iowa,1,,,1,,,,,More 1 hour,1,1,,1,1,1,,1,1,1,1,1,1,1,,,1,1,,1,,
Complete,59984660,English,2016/02/27 6:29:33 AM,2016/02/27 6:32:02 AM,South Carolina,,,,,139,00:02:29,,,,,,Yes,43,Female,College Degree,,New York,1,,,,,,,,30 min - 1 hour,1,1,,,,1,1,1,1,1,,1,1,1,,,1,,,,,
Complete,59985269,English,2016/02/27 6:57:14 AM,2016/02/27 7:00:38 AM,,,,,,129,00:03:23,,,,,,Yes,26,Male,College Degree,,California,1,1,,,,,,,Less than 30 minutes,1,1,1,1,,1,,,1,,,1,1,1,1,,1,,,1,,
Complete,59985914,English,2016/02/27 7:23:34 AM,2016/02/27 7:25:46 AM,Minnesota,,,,,156,00:02:12,,,,,,Yes,34,Female,College Degree,,Minnesota,1,,,1,,,,,Less than 30 minutes,1,1,,1,1,1,1,,1,,1,1,1,1,,,,1,,1,,
Complete,59987061,English,2016/02/27 8:12:12 AM,2016/02/27 8:13:12 AM,California,,,,,127,00:01:00,,,,,,Yes,20,Male,College Degree,,California,1,,1,,,1,,,More 1 hour,1,1,,1,1,1,,,1,,1,,1,1,,,,1,,,,1
Complete,59987788,English,2016/02/27 8:38:23 AM,2016/02/27 8:40:35 AM,,,,,,187,00:02:12,,,,,,Yes,35,Male,Graduate School,,Massachusetts,1,1,,1,,1,,,More 1 hour,1,1,,1,1,1,1,,1,1,1,1,1,1,1,,1,,1,,,
Complete,59989442,English,2016/02/27 9:38:53 AM,2016/02/27 9:39:35 AM,,,,,,287,00:00:41,,,,,,Yes,22,Female,College Degree,,Maryland,1,,,1,1,1,1,instagram,30 min - 1 hour,1,1,1,1,1,1,1,1,1,1,1,1,1,1,1,,1,1,1,1,1,1
Complete,59992201,English,2016/02/27 11:16:03 AM,2016/02/27 11:17:42 AM,North Carolina,,,,,255,00:01:39,,,,,,Yes,23,Female,High School ,,North Carolina,1,1,1,,1,1,1,Instagram,More 1 hour,1,1,,1,1,1,1,1,1,1,1,1,1,1,1,,1,1,1,1,,
Complete,59992691,English,2016/02/27 11:32:08 AM,2016/02/27 11:37:00 AM,Florida,,,,,134,00:04:52,,,,,,Yes,22,Male,College Degree,,Florida,1,1,,,,,,,30 min - 1 hour,,1,,,1,1,1,,1,1,1,,,1,1,,,1,1,,,
Complete,59993472,English,2016/02/27 11:59:06 AM,2016/02/27 12:00:37 PM,Pennsylvania,,,,,107,00:01:30,,,,,,Yes,33,Male,High School ,,Pennsylvania,1,1,,,,,,,30 min - 1 hour,,1,,,1,1,1,,,,1,,1,,,,1,,,,,
Complete,59993918,English,2016/02/27 12:11:07 PM,2016/02/27 12:12:04 PM,,,,,,141,00:00:57,,,,,,Yes,38,Male,Graduate School,,Florida,1,1,,1,,,,,More 1 hour,1,,,1,1,,,1,,1,1,1,,1,,1,1,,1,,,
Complete,59995347,English,2016/02/27 12:54:19 PM,2016/02/27 12:55:23 PM,New York,,,,,224,00:01:04,,,,,,Yes,53,Female,High School ,,New York,1,1,,1,,1,,,More 1 hour,1,1,,1,,1,,,1,1,1,1,1,1,,1,1,1,1,1,,
Complete,59996344,English,2016/02/27 1:24:24 PM,2016/02/27 1:26:03 PM,North Carolina,,,,,207,00:01:39,,,,,,Yes,50,Female,Other,Graduate degree,North Carolina,1,,,1,,1,,,More 1 hour,1,,,,1,1,,,1,1,1,1,1,1,,1,1,,1,1,,
Complete,59997754,English,2016/02/27 2:00:03 PM,2016/02/27 2:01:48 PM,,,,,,221,00:01:45,,,,,,Yes,27,Female,,,Wisconsin,1,,,,1,,,,30 min - 1 hour,1,1,1,1,1,1,,,1,1,1,1,1,1,1,,1,,1,1,,
Complete,59998024,English,2016/02/27 2:05:02 PM,2016/02/27 2:06:20 PM,Florida,,,,,225,00:01:18,,,,,,Yes,39,Male,College Degree,,Florida,1,1,1,,1,,,,More 1 hour,1,1,1,1,1,1,,1,1,1,,1,1,1,1,,1,1,1,1,,1
Complete,59998535,English,2016/02/27 2:17:18 PM,2016/02/27 2:18:25 PM,Illinois,,,,,217,00:01:07,,,,,,Yes,36,Female,College Degree,,Arkansas,1,,1,1,,1,,,More 1 hour,1,1,,1,1,1,1,1,1,1,1,1,1,1,1,,1,1,1,1,,
Complete,59998871,English,2016/02/27 2:25:18 PM,2016/02/27 2:26:47 PM,,,,,,226,00:01:29,,,,,,Yes,53,Female,College Degree,,Massachusetts,1,1,,1,,1,,,More 1 hour,1,1,,1,1,1,1,,1,1,1,1,1,1,,1,1,1,1,1,,
Complete,60000060,English,2016/02/27 2:54:33 PM,2016/02/27 2:55:47 PM,New York,,,,,137,00:01:14,,,,,,Yes,34,Male,College Degree,,New York,1,,,,,,,,More 1 hour,,1,,1,1,1,,1,1,1,1,1,1,,,,1,,,,,
Complete,60000915,English,2016/02/27 3:15:17 PM,2016/02/27 3:16:32 PM,Massachusetts,,,,,186,00:01:15,,,,,,Yes,25,Female,High School ,,Massachusetts,1,1,1,1,1,1,,,More 1 hour,1,1,,1,1,1,,1,1,1,1,1,1,,,,1,,1,1,,
Complete,60000965,English,2016/02/27 3:16:01 PM,2016/02/27 3:17:24 PM,,,,,,173,00:01:23,,,,,,Yes,47,Female,College Degree,,New Jersey,1,,,1,,1,,,More 1 hour,1,1,,1,1,1,,,1,1,1,1,1,1,,,1,,,1,,
Complete,60001739,English,2016/02/27 3:31:06 PM,2016/02/27 3:33:21 PM,,,,,,150,00:02:14,,,,,,Yes,33,Male,Graduate School,,Ohio,1,,,,,,,,More 1 hour,,1,1,1,1,1,,1,1,1,,1,1,,,1,,1,,,,
Complete,60002190,English,2016/02/27 3:40:27 PM,2016/02/27 3:42:10 PM,Washington,,,,,76,00:01:43,,,,,,Yes,32,Male,High School ,,Washington,1,,,1,,,1,instagram,More 1 hour,,,,,,,,,,,1,,,,,,,,,,,
Complete,60005114,English,2016/02/27 4:42:40 PM,2016/02/27 4:43:23 PM,Dominican Republic,,,,,89,00:00:43,,,,,,Yes,26,Male,College Degree,,Virginia,1,1,1,,,,,,Less than 30 minutes,,,,1,,,,,,,1,,,,,,1,,,,,
Complete,60009363,English,2016/02/27 6:17:30 PM,2016/02/27 6:18:26 PM,,,,,,143,00:00:55,,,,,,Yes,25,Female,College Degree,,Florida,1,1,,1,1,,1,Instagram,More 1 hour,1,1,,1,1,1,,,1,1,1,1,1,1,,,,,,1,,
Complete,60020777,English,2016/02/27 11:28:49 PM,2016/02/27 11:29:46 PM,Illinois,,,,,217,00:00:56,,,,,,Yes,33,Female,College Degree,,Illinois,1,,1,1,,1,,,30 min - 1 hour,1,1,,1,1,1,1,,1,1,1,1,1,1,1,,1,1,1,1,,
Complete,60022033,English,2016/02/28 12:22:39 AM,2016/02/28 12:24:57 AM,Texas,,,,,222,00:02:17,,,,,,Yes,36,Female,High School ,,Texas,1,1,1,,1,,,,Less than 30 minutes,1,1,1,1,1,1,,1,1,,1,1,1,1,,1,1,,,1,,1
Complete,60025250,English,2016/02/28 3:01:50 AM,2016/02/28 3:02:54 AM,,,,,,69,00:01:04,,,,,,Yes,31,,College Degree,,Florida,1,,,1,,,,,Less than 30 minutes,1,1,,1,,1,,,,,,,,,,,,1,,1,,
Complete,60027132,English,2016/02/28 4:39:08 AM,2016/02/28 4:40:29 AM,Georgia,,,,,104,00:01:21,,,,,,Yes,32,Female,College Degree,,Georgia,1,,1,1,,,,,30 min - 1 hour,,,,1,1,1,,1,,,,1,1,1,,,1,,,,,
Complete,60029928,English,2016/02/28 7:12:26 AM,2016/02/28 7:13:13 AM,Alabama,,,,,111,00:00:46,,,,,,Yes,25,Female,High School ,,Alabama,1,1,,,1,,,,30 min - 1 hour,,1,,,1,1,,,1,,1,,1,,1,,1,1,,,,
Complete,60048824,English,2016/02/28 4:02:10 PM,2016/02/28 4:03:37 PM,Ontario,,,,,196,00:01:27,,,,,,Yes,23,Female,College Degree,,Oklahoma,1,1,,,1,,1,Instagram,More 1 hour,1,1,1,1,1,1,,,1,,1,1,1,1,,,,1,1,1,,
Complete,60054154,English,2016/02/28 6:15:22 PM,2016/02/28 6:16:20 PM,Louisiana,,,,,72,00:00:58,,,,,,Yes,19,Female,Other,college student,Louisiana,1,1,,1,,,,,More 1 hour,,,,,,,1,,1,1,1,,,,,,,,,,,
Complete,60057842,English,2016/02/28 7:57:25 PM,2016/02/28 8:00:05 PM,Illinois,,,,,257,00:01:54,,,,,,Yes,37,Female,High School ,,Wisconsin,1,,,,,1,1,YouTube,More 1 hour,1,1,1,1,1,1,1,,1,1,1,1,1,1,,1,1,1,1,1,,
Complete,62352728,English,2016/03/26 9:13:32 PM,2016/03/26 9:14:29 PM,New Jersey,,,,,202,00:00:57,,,,,,Yes,28,Male,College Degree,,New Jersey,1,1,1,,,1,,,Less than 30 minutes,1,1,1,1,1,1,1,1,,1,1,,1,1,1,,1,,1,1,,
Complete,62353010,English,2016/03/26 9:19:28 PM,2016/03/26 9:21:02 PM,Arizona,,,,,134,00:01:34,,,,,,Yes,23,Female,College Degree,,Arizona,1,,,,,,,,More 1 hour,1,1,,1,1,1,,1,1,1,1,,1,1,,,,,1,1,,
Complete,62353163,English,2016/03/26 9:22:51 PM,2016/03/26 9:24:40 PM,Indiana,,,,,136,00:01:49,,,,,,Yes,61,Male,College Degree,,Indiana,1,,1,,,1,1,google+,Less than 30 minutes,1,1,,1,,1,,,,,1,1,1,1,,,1,,,1,,
Complete,62354305,English,2016/03/26 9:45:32 PM,2016/03/26 9:46:47 PM,Alabama,,,,,192,00:01:14,,,,,,Yes,51,Female,Graduate School,,Alabama,1,1,,1,,,1,instagram,More 1 hour,1,1,,1,1,1,1,,1,1,1,1,1,1,,,1,1,1,1,,
Complete,62354542,English,2016/03/26 9:50:24 PM,2016/03/26 9:52:12 PM,California,,,,,194,00:01:48,,,,,,Yes,55,Female,College Degree,,California,1,1,1,1,1,1,1,instagram,More 1 hour,1,1,1,,1,1,1,,1,1,,1,1,1,1,,1,,1,1,,
Complete,62354594,English,2016/03/26 9:51:16 PM,2016/03/26 9:52:25 PM,Florida,,,,,39,00:01:09,,,,,,Yes,58,Male,College Degree,,Florida,1,,,1,,,,,30 min - 1 hour,,,,,,,,,1,1,,,,,,,,,,,,
Complete,62354628,English,2016/03/26 9:52:04 PM,2016/03/26 9:53:09 PM,California,,,,,138,00:01:04,,,,,,Yes,36,Female,Other,Vocational school ,California,1,,,1,,,,,More 1 hour,,1,,1,1,1,,1,1,1,1,1,1,,,,,1,,1,,
Complete,62355935,English,2016/03/26 10:20:55 PM,2016/03/26 10:22:12 PM,South Dakota,,,,,189,00:01:16,,,,,,Yes,38,Female,College Degree,,South Dakota,1,1,,,,,,,Less than 30 minutes,,1,,1,1,1,,1,1,,1,1,1,1,,,1,1,,1,,
Complete,62356297,English,2016/03/26 10:29:22 PM,2016/03/26 10:30:05 PM,,,,,,121,00:00:43,,,,,,Yes,38,Male,Graduate School,,Florida,1,1,,1,,,,,30 min - 1 hour,1,1,1,1,,,,,,,1,1,,1,1,1,,,,1,,
Complete,62356343,English,2016/03/26 10:30:51 PM,2016/03/26 10:32:17 PM,Illinois,,,,,162,00:01:26,,,,,,Yes,28,Male,Graduate School,,Illinois,1,,,,,1,,,More 1 hour,1,1,1,1,1,1,1,,1,1,1,1,1,1,,,1,,,1,,
Complete,62356428,English,2016/03/26 10:33:18 PM,2016/03/26 10:34:02 PM,Pennsylvania,,,,,233,00:00:44,,,,,,Yes,,Female,Graduate School,,Pennsylvania,1,1,1,,,,,,More 1 hour,1,1,,1,1,1,1,,1,1,1,1,1,1,1,1,1,1,,1,,
Complete,62357012,English,2016/03/26 10:49:46 PM,2016/03/26 10:51:51 PM,Peru,,,,,170,00:02:05,,,,,,Yes,39,Male,High School ,,Texas,1,1,1,,,1,,,30 min - 1 hour,1,1,,1,1,1,,,1,,1,1,1,1,1,,,1,,,,
Complete,62357678,English,2016/03/26 11:07:52 PM,2016/03/26 11:08:59 PM,,,,,,187,00:01:07,,,,,,Yes,27,Female,College Degree,,Massachusetts,1,1,1,1,1,,,,More 1 hour,1,1,1,1,1,1,1,,,1,1,1,1,1,,,1,1,,1,,
Complete,62358424,English,2016/03/26 11:30:00 PM,2016/03/26 11:31:39 PM,New Jersey,,,,,201,00:01:39,,,,,,Yes,49,Female,College Degree,,New Jersey,1,,,1,,,,,More 1 hour,1,1,1,1,1,1,,,1,1,1,1,1,1,1,1,1,,,1,,
Complete,62358931,English,2016/03/26 11:44:44 PM,2016/03/26 11:45:49 PM,Texas,,,,,222,00:01:04,,,,,,Yes,39,Female,Graduate School,,Texas,1,,,1,,,,,More 1 hour,1,1,,1,1,1,,1,1,1,1,1,1,1,1,,1,1,,1,,
Complete,62359325,English,2016/03/26 11:55:27 PM,2016/03/26 11:56:32 PM,,,,,,209,00:01:05,,,,,,Yes,43,Female,High School ,,West Virginia,1,,,,,,,,Less than 30 minutes,,1,,,,1,,1,1,1,1,1,1,1,1,,1,1,,1,,
Complete,62359334,English,2016/03/26 11:55:49 PM,2016/03/26 11:56:36 PM,,,,,,125,00:00:46,,,,,,Yes,26,Male,College Degree,,Texas,1,,,,,,,,Less than 30 minutes,1,,,,,,,,,,,,,,,1,1,,,1,,1
Complete,62360021,English,2016/03/27 12:19:12 AM,2016/03/27 12:20:16 AM,Maryland,,,,,179,00:01:04,,,,,,Yes,27,Male,College Degree,,Virginia,1,,1,,,1,,,More 1 hour,,,1,1,,1,,,1,,1,,1,1,,1,,,1,,1,
Complete,62360026,English,2016/03/27 12:19:36 AM,2016/03/27 12:20:52 AM,Massachusetts,,,,,136,00:01:16,,,,,,Yes,30,Female,College Degree,,Massachusetts,1,1,,1,1,1,,,Less than 30 minutes,,,,,,1,,,1,1,1,1,1,1,,1,,,,,,
Complete,62360243,English,2016/03/27 12:27:03 AM,2016/03/27 12:29:37 AM,Pennsylvania,,,,,131,00:00:53,,,,,,Yes,40,Male,College Degree,,Pennsylvania,1,1,,,,1,,,More 1 hour,1,1,,1,1,1,1,,,,,,,1,,,,1,,1,,
Complete,62362015,English,2016/03/27 1:29:17 AM,2016/03/27 1:30:08 AM,Ontario,,,,,58,00:00:51,,,,,,Yes,28,Male,College Degree,,Michigan,1,,,,,,,,More 1 hour,,1,,,,,,1,,,,,,,,,,1,,,,
Complete,62362129,English,2016/03/27 1:32:37 AM,2016/03/27 1:33:44 AM,,,,,,241,00:01:07,,,,,,Yes,29,Male,High School ,,Pennsylvania,1,1,1,,,,,,Less than 30 minutes,1,1,,1,1,1,,1,,,1,1,1,1,,,1,1,1,1,1,1
Complete,62362318,English,2016/03/27 1:40:24 AM,2016/03/27 1:41:25 AM,Kentucky,,,,,58,00:01:01,,,,,,Yes,36,Female,High School ,,Kentucky,1,1,,,,,,,30 min - 1 hour,,,,,,,,,,,,,1,,,,,,1,,,
Complete,62362938,English,2016/03/27 2:04:39 AM,2016/03/27 2:08:39 AM,Washington,,,,,88,00:04:00,,,,,,Yes,37,Male,Other,some college but no degree,Washington,1,,1,,,,,,Less than 30 minutes,,,,,,1,,,,,1,,1,,,,,,,,,
Complete,62363149,English,2016/03/27 2:11:39 AM,2016/03/27 2:18:27 AM,,,,,,160,00:06:48,,,,,,Yes,27,Female,High School ,,Connecticut,1,,,,,,,,More 1 hour,,1,1,1,1,1,,,1,1,,1,1,1,1,1,1,,1,,,
Complete,62363812,English,2016/03/27 2:35:30 AM,2016/03/27 2:37:02 AM,,,,,,166,00:01:32,,,,,,Yes,34,Male,College Degree,,Iowa,1,,,,,,,,More 1 hour,1,1,,,1,1,1,,1,1,1,1,1,1,1,,,1,,1,,
Complete,62363902,English,2016/03/27 2:38:43 AM,2016/03/27 2:39:31 AM,Ohio,,,,,73,00:00:48,,,,,,Yes,20,Male,High School ,,Ohio,1,,1,,,,,,Less than 30 minutes,,,,,,,,,,,,,1,,,,1,,,,,
Complete,62364746,English,2016/03/27 3:14:21 AM,2016/03/27 3:15:32 AM,Michigan,,,,,180,00:01:11,,,,,,Yes,26,Male,Graduate School,,Michigan,1,1,1,,1,,,,More 1 hour,,1,,1,,1,1,1,1,,1,1,1,1,1,,,1,,1,,
Complete,62364993,English,2016/03/27 3:25:07 AM,2016/03/27 3:26:43 AM,Texas,,,,,209,00:01:36,,,,,,Yes,25,Male,College Degree,,Texas,1,1,1,1,1,,,,More 1 hour,,1,1,1,1,1,,,1,1,1,1,1,1,,,1,1,,1,,
Complete,62367892,English,2016/03/27 5:03:28 AM,2016/03/27 5:05:24 AM,Utah,,,,,226,00:01:56,,,,,,Yes,47,Female,High School ,,Utah,1,,,,,,,,More 1 hour,,1,1,1,1,1,1,1,1,1,1,1,1,1,,1,1,1,1,,,
Complete,62367910,English,2016/03/27 5:04:06 AM,2016/03/27 5:05:33 AM,,,,,,190,00:01:27,,,,,,Yes,36,Female,High School ,,California,1,1,,1,1,,,,More 1 hour,1,1,,1,1,1,1,,1,1,1,1,1,1,1,,,1,1,1,,
Complete,62367991,English,2016/03/27 5:07:00 AM,2016/03/27 5:08:08 AM,Minnesota,,,,,230,00:01:07,,,,,,Yes,32,Female,High School ,,Minnesota,1,,,1,,,,,More 1 hour,1,1,1,1,1,1,1,1,1,1,1,1,1,1,,1,1,1,1,1,,
Complete,62375225,English,2016/03/27 8:29:07 AM,2016/03/27 8:30:43 AM,California,,,,,104,00:01:36,,,,,,Yes,25,Female,Graduate School,,California,1,,1,,,1,,,Less than 30 minutes,,1,,,1,1,1,,,,1,,,1,,,1,,,1,,
Complete,62382546,English,2016/03/27 11:18:04 AM,2016/03/27 11:19:27 AM,Tennessee,,,,,175,00:01:23,,,,,,Yes,54,Male,Graduate School,,Tennessee,1,,,,,,,,More 1 hour,1,1,,1,1,1,,,1,1,1,1,1,1,,,1,,,1,,
Complete,62383216,English,2016/03/27 11:32:16 AM,2016/03/27 11:34:13 AM,North Carolina,,,,,219,00:01:57,,,,,,Yes,41,Male,High School ,,North Carolina,1,1,,,1,1,,,30 min - 1 hour,,1,1,1,1,1,,,1,1,,1,1,1,1,,1,1,1,1,,
Complete,62385578,English,2016/03/27 12:24:20 PM,2016/03/27 12:25:34 PM,,,,,,204,00:01:13,,,,,,Yes,22,Female,College Degree,,Georgia,1,,,1,1,1,,,30 min - 1 hour,,1,,1,1,1,1,,1,1,1,,1,1,,1,1,1,1,1,,
Complete,62386380,English,2016/03/27 12:40:39 PM,2016/03/27 12:42:03 PM,North Carolina,,,,,163,00:01:24,,,,,,Yes,45,Female,High School ,,North Carolina,1,,,1,,,,,30 min - 1 hour,,1,,1,1,1,1,1,1,1,1,1,1,1,,,,1,,,,
Complete,62387153,English,2016/03/27 12:56:37 PM,2016/03/27 12:57:30 PM,Pennsylvania,,,,,88,00:00:52,,,,,,Yes,28,Female,Graduate School,,Pennsylvania,1,,,1,,1,,,Less than 30 minutes,1,,,,1,,1,,1,1,,,,,,,,,,,,
Complete,62389362,English,2016/03/27 1:39:42 PM,2016/03/27 1:40:53 PM,New York,,,,,171,00:01:11,,,,,,Yes,20,Female,College Degree,,New York,1,,,,,,,,30 min - 1 hour,1,1,,1,1,1,,,1,1,,1,1,1,,,1,1,,1,,
Complete,62392792,English,2016/03/27 2:40:16 PM,2016/03/27 2:41:23 PM,Alabama,,,,,222,00:01:06,,,,,,Yes,28,Male,College Degree,,Iowa,1,1,1,1,,1,,,More 1 hour,1,1,,1,1,1,,1,1,1,1,1,1,1,1,,1,1,1,1,,
Complete,62419612,English,2016/03/28 12:42:57 AM,2016/03/28 12:44:14 AM,Maryland,,,,,237,00:01:17,,,,,,Yes,30,Female,College Degree,,Maryland,1,,,1,1,,,,More 1 hour,1,1,,1,1,1,1,,1,1,1,1,1,1,1,1,1,1,1,1,,
Complete,62420427,English,2016/03/28 1:04:14 AM,2016/03/28 1:06:04 AM,Wisconsin,,,,,130,00:01:50,,,,,,Yes,25,Male,College Degree,,Wisconsin,1,,,,,1,,,Less than 30 minutes,1,1,,1,1,1,1,,,,1,,,,1,,,1,,,,
Complete,62422313,English,2016/03/28 1:56:02 AM,2016/03/28 1:57:15 AM,,,,,,167,00:01:13,,,,,,Yes,39,Female,Graduate School,,Connecticut,1,1,,1,,,,,Less than 30 minutes,,1,1,1,1,1,1,1,1,,1,1,1,1,1,,1,,,1,,
Complete,62422800,English,2016/03/28 2:09:24 AM,2016/03/28 2:10:54 AM,Florida,,,,,169,00:01:30,,,,,,Yes,47,Female,College Degree,,Florida,1,,,1,,,,,More 1 hour,1,,,1,,1,,1,1,1,,1,1,1,1,,1,1,,1,,
Complete,62424139,English,2016/03/28 2:49:50 AM,2016/03/28 2:50:43 AM,Pennsylvania,,,,,105,00:00:53,,,,,,Yes,41,Female,Graduate School,,Pennsylvania,1,,,,,,,,30 min - 1 hour,,,,1,,,,1,1,1,,,1,1,,,,,,,,
Complete,62424995,English,2016/03/28 3:15:34 AM,2016/03/28 3:16:28 AM,Texas,,,,,221,00:00:53,,,,,,Yes,24,Male,High School ,,Texas,1,1,1,1,1,,,,30 min - 1 hour,,1,,1,1,,1,1,1,1,1,,,1,1,1,1,1,,,,1
Complete,62425790,English,2016/03/28 3:45:38 AM,2016/03/28 3:46:58 AM,Illinois,,,,,182,00:01:20,,,,,,Yes,28,Female,High School ,,Illinois,1,,1,1,1,1,1,Wordpress,30 min - 1 hour,1,1,,1,1,1,,1,1,,1,1,1,1,1,,1,,,1,,
Complete,62426175,English,2016/03/28 4:03:16 AM,2016/03/28 4:04:21 AM,North Carolina,,,,,208,00:01:05,,,,,,Yes,29,Male,Graduate School,,North Carolina,1,1,1,,,,,,More 1 hour,1,1,,1,1,1,1,1,1,1,,1,1,1,1,,1,1,,1,,
Complete,62428028,English,2016/03/28 5:26:31 AM,2016/03/28 5:27:40 AM,Michigan,,,,,161,00:01:09,,,,,,Yes,25,Female,High School ,,Michigan,1,,,,,,,,More 1 hour,,1,,,,1,,,1,1,1,1,1,1,,,1,1,1,,,
Complete,62431721,English,2016/03/28 7:49:09 AM,2016/03/28 7:50:22 AM,South Carolina,,,,,253,00:01:13,,,,,,Yes,24,Female,College Degree,,South Carolina,1,1,1,,1,,,,30 min - 1 hour,1,1,1,1,1,1,,1,1,,1,1,1,1,1,1,1,1,,1,1,
Complete,62442410,English,2016/03/28 1:00:07 PM,2016/03/28 1:01:14 PM,,,,,,193,00:01:07,,,,,,Yes,30,Female,College Degree,,Illinois,1,,,,,,,,30 min - 1 hour,1,1,,1,1,1,1,1,1,1,1,1,1,1,1,,1,1,,1,,
Complete,62446280,English,2016/03/28 1:51:51 PM,2016/03/28 1:52:59 PM,Kentucky,,,,,110,00:01:08,,,,,,Yes,34,Male,College Degree,,Kentucky,1,,,,,,,,Less than 30 minutes,1,1,,1,,1,,1,1,,,1,1,1,,,,1,,,,
Complete,62447541,English,2016/03/28 2:12:21 PM,2016/03/28 2:13:29 PM,Missouri,,,,,181,00:01:08,,,,,,Yes,38,Female,College Degree,,Missouri,1,,1,1,,,,,30 min - 1 hour,1,1,,1,1,1,,1,1,,1,1,1,1,,,1,,1,1,,
Complete,62448199,English,2016/03/28 2:22:34 PM,2016/03/28 2:23:50 PM,Arkansas,,,,,204,00:01:16,,,,,,Yes,46,Female,Graduate School,,Arkansas,1,,,,,1,,,30 min - 1 hour,1,1,1,1,1,1,,1,1,1,1,1,1,1,1,1,1,,1,1,,
Complete,62453621,English,2016/03/28 3:36:30 PM,2016/03/28 3:40:25 PM,California,,,,,97,00:03:55,,,,,,Yes,27,Female,College Degree,,California,1,1,,1,,,,,30 min - 1 hour,,,,,,,,,,,,,,,,,1,1,,,1,1
Complete,62454603,English,2016/03/28 3:49:28 PM,2016/03/28 3:50:34 PM,Hawaii,,,,,40,00:01:06,,,,,,Yes,64,Male,College Degree,,California,1,1,,,1,1,,,Less than 30 minutes,,1,1,,1,1,,,,,,,,,,,,,,,,
Complete,62458722,English,2016/03/28 4:49:28 PM,2016/03/28 4:50:21 PM,North Carolina,,,,,127,00:00:53,,,,,,Yes,23,Male,High School ,,North Carolina,1,,1,1,,,,,Less than 30 minutes,1,,,,1,,1,1,,,1,,,1,,1,,,,1,,
Complete,62460776,English,2016/03/28 5:21:14 PM,2016/03/28 5:22:04 PM,California,,,,,49,00:00:49,,,,,,Yes,38,Female,Graduate School,,California,1,1,,,,,,,Less than 30 minutes,,,1,,,,,,,,,,1,,,,,1,,,,
Complete,62461192,English,2016/03/28 5:27:39 PM,2016/03/28 5:29:33 PM,Maine,,,,,218,00:01:53,,,,,,Yes,32,Female,High School ,,New York,1,,1,1,,,,,30 min - 1 hour,1,1,1,1,1,1,,1,1,1,1,1,1,1,,,1,1,1,1,,
Complete,62467100,English,2016/03/28 7:01:44 PM,2016/03/28 7:02:51 PM,New Jersey,,,,,188,00:01:07,,,,,,Yes,35,Female,High School ,,New Jersey,1,,,,,1,,,More 1 hour,1,1,1,1,1,1,,,1,1,1,1,1,1,1,,,,1,1,,
Complete,62473954,English,2016/03/28 8:36:37 PM,2016/03/28 8:37:51 PM,,,,,,219,00:01:14,,,,,,Yes,39,Male,High School ,,Pennsylvania,1,1,,,,,,,30 min - 1 hour,1,1,1,,1,1,,,1,1,1,1,1,1,1,1,1,,1,1,,
Complete,62476351,English,2016/03/28 9:14:28 PM,2016/03/28 9:21:39 PM,Massachusetts,,,,,163,00:07:10,,,,,,Yes,50,Male,College Degree,,Massachusetts,1,1,1,,,1,,,30 min - 1 hour,,1,1,1,1,1,,1,1,1,,1,1,,1,,,1,1,,,
Complete,62484993,English,2016/03/29 12:32:09 AM,2016/03/29 12:33:20 AM,California,,,,,115,00:01:10,,,,,,Yes,27,Female,Graduate School,,California,1,,,1,,1,,,30 min - 1 hour,,1,,1,1,1,1,1,1,,1,1,1,1,,,,,,,,
Complete,62489245,English,2016/03/29 2:35:00 AM,2016/03/29 2:37:31 AM,Utah,,,,,153,00:02:31,,,,,,Yes,25,Male,College Degree,,Utah,1,,,,,,,,30 min - 1 hour,,1,,,1,,1,1,1,1,1,,,,1,1,,,1,,,
Complete,62492410,English,2016/03/29 4:06:12 AM,2016/03/29 4:08:12 AM,,,,,,244,00:02:00,,,,,,Yes,25,Male,College Degree,,Texas,1,1,,,,,,,More 1 hour,1,1,,1,1,1,1,1,1,1,1,1,1,1,1,,1,1,1,1,,
Complete,62494337,English,2016/03/29 5:13:09 AM,2016/03/29 5:14:36 AM,Nevada,,,,,242,00:01:27,,,,,,Yes,36,Male,College Degree,,Nevada,1,1,,,1,,,,30 min - 1 hour,1,1,,1,1,1,,1,1,1,1,1,1,1,1,1,1,1,1,1,,
Complete,62497176,English,2016/03/29 6:44:52 AM,2016/03/29 6:46:09 AM,Florida,,,,,253,00:01:16,,,,,,Yes,23,Female,College Degree,,Florida,1,,,1,,,,,More 1 hour,1,1,1,1,1,1,1,1,1,1,1,1,1,1,1,1,1,1,1,1,1,
Complete,62507589,English,2016/03/29 11:33:29 AM,2016/03/29 11:34:42 AM,,,,,,131,00:01:13,,,,,,Yes,35,Female,College Degree,,Pennsylvania,1,1,,,,1,,,More 1 hour,,,1,,,,,,1,1,1,1,1,,,,,1,,,,
Complete,62508497,English,2016/03/29 11:53:31 AM,2016/03/29 11:54:45 AM,New York,,,,,166,00:01:14,,,,,,Yes,41,Male,College Degree,,New Jersey,1,1,,,,,,,30 min - 1 hour,1,1,1,,,,,,1,1,1,1,1,1,1,,1,,,1,,
Complete,62511007,English,2016/03/29 12:40:41 PM,2016/03/29 12:41:39 PM,Massachusetts,,,,,140,00:00:58,,,,,,Yes,39,Male,College Degree,,Massachusetts,1,,,,,1,,,Less than 30 minutes,1,1,,,1,,1,1,1,,1,,1,1,,,1,,,1,,
Complete,62511753,English,2016/03/29 12:53:26 PM,2016/03/29 12:54:18 PM,Texas,,,,,93,00:00:52,,,,,,Yes,29,Male,High School ,,Texas,1,1,,,1,,,,More 1 hour,,,,,,,,,,,1,1,1,,,,,,,,,
Complete,62538643,English,2016/03/29 5:16:51 PM,2016/03/29 5:17:49 PM,Kentucky,,,,,131,00:00:58,,,,,,Yes,19,Male,High School ,,Kentucky,1,1,1,,1,,,,More 1 hour,,1,,1,,1,,1,1,1,1,1,,,,,1,1,,,,
Complete,62550244,English,2016/03/29 7:02:10 PM,2016/03/29 7:03:14 PM,Massachusetts,,,,,169,00:01:04,,,,,,Yes,20,Male,High School ,,Massachusetts,1,1,1,,,,,,More 1 hour,,1,,1,1,1,1,1,1,1,1,1,1,1,,,1,1,,,,
Complete,62554603,English,2016/03/29 7:45:04 PM,2016/03/29 7:48:15 PM,Kentucky,,,,,193,00:03:11,,,,,,Yes,60,Female,High School ,,Kentucky,1,,,,,,,,30 min - 1 hour,,1,,1,1,1,1,,1,1,1,,1,1,1,1,,1,1,1,,
Complete,62554819,English,2016/03/29 7:47:38 PM,2016/03/29 7:50:03 PM,,,,,,224,00:02:25,,,,,,Yes,24,Female,College Degree,,Virginia,1,,,1,,1,,,More 1 hour,,1,,1,1,1,1,1,1,1,1,1,1,,1,,,1,1,1,,
Complete,62571918,English,2016/03/29 11:23:58 PM,2016/03/29 11:25:36 PM,Virginia,,,,,252,00:01:38,,,,,,Yes,26,Female,High School ,,California,1,,,1,,,1,Instagram,More 1 hour,1,1,,1,1,1,,1,1,1,1,1,1,1,,1,1,1,1,1,1,1
Complete,62578325,English,2016/03/30 1:32:39 AM,2016/03/30 1:33:37 AM,Massachusetts,,,,,162,00:00:58,,,,,,Yes,49,Female,High School ,,Massachusetts,1,,,1,,,,,30 min - 1 hour,1,1,,1,,1,,,1,1,1,,1,,,,1,1,1,1,,
Complete,62582839,English,2016/03/30 3:18:00 AM,2016/03/30 3:19:13 AM,Arizona,,,,,120,00:01:13,,,,,,Yes,21,Male,High School ,,Alabama,1,1,1,1,,1,,,30 min - 1 hour,,1,,,1,1,1,1,,,1,1,1,1,,,,,,1,,
Complete,62589514,English,2016/03/30 6:43:03 AM,2016/03/30 6:43:50 AM,New York,,,,,135,00:00:47,,,,,,Yes,19,Other,High School ,,New York,1,,1,,1,,,,More 1 hour,1,,,1,1,1,,,,,1,1,1,1,,,,,,1,,
Complete,62606180,English,2016/03/30 12:55:26 PM,2016/03/30 12:56:44 PM,Michigan,,,,,219,00:01:17,,,,,,Yes,28,Female,High School ,,South Carolina,1,,1,1,,1,,,30 min - 1 hour,1,,1,1,1,1,,,,,1,1,1,1,,1,1,1,1,1,,
Complete,62630417,English,2016/03/30 4:17:07 PM,2016/03/30 4:18:38 PM,,,,,,225,00:01:31,,,,,,Yes,27,Female,College Degree,,Maryland,1,,,,,,,,30 min - 1 hour,1,1,1,1,1,1,1,1,1,1,1,1,1,1,,1,1,1,,1,1,
Complete,62634838,English,2016/03/30 4:58:08 PM,2016/03/30 5:00:50 PM,,,,,,254,00:02:12,,,,,,Yes,21,Female,High School ,,Mississippi,1,1,,1,,,1,Instagram,More 1 hour,1,1,,1,,1,1,1,1,1,1,1,1,1,,1,1,1,1,1,,1
Complete,62697367,English,2016/03/31 1:47:43 AM,2016/03/31 1:49:14 AM,,,,,,254,00:01:31,,,,,,Yes,34,Female,College Degree,,Texas,1,1,,1,,1,,,30 min - 1 hour,1,1,,1,1,1,1,1,1,1,1,1,1,1,1,,1,1,1,1,,
Complete,62700892,English,2016/03/31 3:00:42 AM,2016/03/31 3:01:55 AM,New York,,,,,234,00:01:13,,,,,,Yes,30,Male,Graduate School,,New York,1,1,,,1,1,,,30 min - 1 hour,1,,1,1,1,1,1,,1,1,1,,1,,1,1,,1,,1,1,1
Complete,62703780,English,2016/03/31 4:19:57 AM,2016/03/31 4:21:01 AM,,,,,,187,00:01:04,,,,,,Yes,,Female,High School ,,Alabama,1,1,1,1,1,1,,,More 1 hour,1,1,,1,1,1,1,1,1,1,1,1,1,1,,,1,,1,1,,
Complete,62704689,English,2016/03/31 4:50:26 AM,2016/03/31 4:51:34 AM,Michigan,,,,,167,00:01:08,,,,,,Yes,23,Male,College Degree,,Massachusetts,1,1,1,,,,,,30 min - 1 hour,,,,,1,1,1,1,1,,1,,,1,,,1,1,1,1,,
Complete,62705561,English,2016/03/31 5:16:06 AM,2016/03/31 5:18:23 AM,Minnesota,,,,,190,00:02:17,,,,,,Yes,40,Male,High School ,,Minnesota,1,,,,,,,,More 1 hour,1,1,1,1,1,1,1,,1,1,,1,1,1,,,1,1,1,1,,
Complete,62734244,English,2016/03/31 2:37:49 PM,2016/03/31 2:39:40 PM,,,,,,139,00:01:51,,,,,,Yes,36,Female,College Degree,,Wisconsin,1,1,,1,,1,,,More 1 hour,,1,,1,,1,,1,,,,,1,,,,1,,1,,,
Complete,62745291,English,2016/03/31 3:45:49 PM,2016/03/31 3:47:01 PM,Kentucky,,,,,115,00:01:12,,,,,,Yes,46,Female,Graduate School,,Kentucky,1,,,1,,,,,More 1 hour,,1,,,,,1,,1,1,,1,1,1,,,1,,,,,
Complete,62749935,English,2016/03/31 4:32:02 PM,2016/03/31 4:33:44 PM,Michigan,,,,,152,00:01:42,,,,,,Yes,58,Female,College Degree,,Michigan,1,,,,,1,,,More 1 hour,1,1,1,,1,1,1,,,,,1,1,1,1,,1,,,1,,
Complete,62751454,English,2016/03/31 4:45:52 PM,2016/03/31 4:48:53 PM,,,,,,154,00:03:00,,,,,,Yes,62,Male,College Degree,,Florida,1,1,1,1,1,1,,,More 1 hour,1,1,1,,,1,1,,,,,,1,1,1,,1,,1,1,,
Complete,62756278,English,2016/03/31 5:32:25 PM,2016/03/31 5:33:08 PM,Delaware,,,,,147,00:00:43,,,,,,Yes,24,Female,Graduate School,,Delaware,1,,,1,,,,,More 1 hour,,,,1,1,1,,,1,,1,,,,,1,1,1,1,1,,
Complete,62759056,English,2016/03/31 5:58:54 PM,2016/03/31 6:00:16 PM,Manitoba,,,,,159,00:01:22,,,,,,Yes,33,Male,College Degree,,Minnesota,1,1,1,,,,,,More 1 hour,1,1,,,1,1,,1,1,,,1,1,1,1,,,1,,1,,
Complete,62766560,English,2016/03/31 7:11:00 PM,2016/03/31 7:12:12 PM,Michigan,,,,,172,00:01:12,,,,,,Yes,28,Female,High School ,,Arkansas,1,1,1,,,1,,,More 1 hour,,1,,1,1,1,,1,1,1,1,1,1,,1,,1,1,1,,,
Complete,62770312,English,2016/03/31 7:51:03 PM,2016/03/31 7:52:11 PM,Florida,,,,,77,00:01:08,,,,,,Yes,23,Male,College Degree,,Florida,1,,1,,,,,,Less than 30 minutes,,,,,,,,,,,,1,1,1,,,,,,1,,
Complete,62776125,English,2016/03/31 8:40:59 PM,2016/03/31 8:42:24 PM,,,,,,201,00:01:25,,,,,,Yes,23,Male,High School ,,California,1,,1,,,,1,instagram,More 1 hour,1,1,,,1,1,1,,1,1,1,1,1,1,1,1,1,,,1,1,
Complete,62782097,English,2016/03/31 9:50:43 PM,2016/03/31 9:51:56 PM,New York,,,,,171,00:01:13,,,,,,Yes,37,Female,Graduate School,,New York,1,,,1,,,1,Instagram,30 min - 1 hour,1,1,,1,1,1,1,,1,1,1,,1,1,,,1,,,1,,
Complete,62786883,English,2016/03/31 11:01:03 PM,2016/03/31 11:02:22 PM,,,,,,211,00:01:18,,,,,,Yes,35,Female,High School ,,Florida,1,,,1,,,1,instagram,30 min - 1 hour,1,1,,1,1,1,,1,1,1,1,1,1,1,1,,1,1,1,1,,
Complete,62802544,English,2016/04/01 4:28:42 AM,2016/04/01 4:31:55 AM,North Carolina,,,,,138,00:03:13,,,,,,Yes,57,Female,High School ,,North Carolina,1,,,,,,,,30 min - 1 hour,1,1,,1,1,1,,,1,1,,1,1,,,,1,,1,,,
Complete,62803452,English,2016/04/01 4:51:48 AM,2016/04/01 4:53:37 AM,,,,,,246,00:01:49,,,,,,Yes,26,Male,College Degree,,California,1,,1,1,,1,1,instagram,More 1 hour,1,1,,1,1,1,1,1,1,1,1,1,1,1,1,,1,1,1,1,,1
Complete,62803582,English,2016/04/01 4:54:04 AM,2016/04/01 4:55:21 AM,,,,,,162,00:01:17,,,,,,Yes,36,Male,High School ,,Illinois,1,1,,1,,,1,path,More 1 hour,,1,1,,1,1,1,,1,1,1,1,1,,1,,1,,1,,,
Complete,62805732,English,2016/04/01 5:49:08 AM,2016/04/01 5:50:18 AM,California,,,,,207,00:01:09,,,,,,Yes,39,Male,Graduate School,,California,1,,,,,1,,,More 1 hour,1,1,1,1,1,1,1,,1,1,1,1,1,1,,1,1,1,1,1,,
Complete,62811739,English,2016/04/01 8:01:52 AM,2016/04/01 8:07:25 AM,New Jersey,,,,,246,00:05:32,,,,,,Yes,22,Female,College Degree,,New Jersey,1,1,,1,1,1,1,Instagram,More 1 hour,1,1,,1,1,1,1,,1,1,1,1,1,1,1,,1,1,1,1,,
Complete,62816119,English,2016/04/01 9:49:16 AM,2016/04/01 9:51:38 AM,Georgia,,,,,259,00:02:22,,,,,,Yes,35,Female,High School ,,Georgia,1,1,1,,,1,,,30 min - 1 hour,1,1,1,1,1,1,1,1,1,1,1,1,1,1,1,1,1,1,1,1,1,
Complete,62816272,English,2016/04/01 9:52:28 AM,2016/04/01 9:55:25 AM,Belize,,,,,181,00:02:57,,,,,,Yes,38,Female,High School ,,Florida,1,,,,,,,,More 1 hour,1,1,1,1,1,1,1,1,1,1,1,,1,,1,1,1,1,1,,,
Complete,62818901,English,2016/04/01 10:51:25 AM,2016/04/01 10:55:07 AM,North Carolina,,,,,294,00:03:42,,,,,,Yes,26,Female,Graduate School,,North Carolina,1,1,,1,,,1,Instagram,More 1 hour,1,1,1,1,1,1,1,1,1,1,1,1,1,1,,1,1,1,1,1,1,1
Complete,62820033,English,2016/04/01 11:16:08 AM,2016/04/01 11:17:32 AM,Arizona,,,,,197,00:01:24,,,,,,Yes,26,Female,College Degree,,Arizona,1,,,,,,,,30 min - 1 hour,1,1,1,1,1,1,1,,1,1,1,1,1,1,1,,1,1,1,1,,
Complete,62824373,English,2016/04/01 12:32:10 PM,2016/04/01 12:33:42 PM,,,,,,277,00:01:32,,,,,,Yes,38,Female,High School ,,Virginia,1,1,1,1,1,1,,,More 1 hour,1,1,1,1,1,1,,1,1,1,1,1,1,1,1,1,1,1,1,1,,
Complete,62836312,English,2016/04/01 2:46:46 PM,2016/04/01 2:47:42 PM,,,,,,223,00:00:55,,,,,,Yes,25,Male,College Degree,,New York,1,,,,1,1,,,30 min - 1 hour,1,1,,1,1,1,1,,1,,1,1,1,1,1,,1,1,1,1,,
Complete,62839600,English,2016/04/01 3:17:03 PM,2016/04/01 3:18:22 PM,,,,,,164,00:01:19,,,,,,Yes,23,Female,Graduate School,,Colorado,1,,,1,,,1,instagram,30 min - 1 hour,1,1,,1,1,1,,1,1,,1,1,1,1,1,,,1,,1,,
Complete,62846497,English,2016/04/01 4:19:56 PM,2016/04/01 4:21:19 PM,Delaware,,,,,176,00:01:23,,,,,,Yes,50,Male,High School ,,Pennsylvania,1,,,,,,,,More 1 hour,1,1,1,,,1,1,,1,1,,1,1,1,,,1,1,1,,,
Complete,62854501,English,2016/04/01 5:30:04 PM,2016/04/01 5:31:48 PM,California,,,,,149,00:01:43,,,,,,Yes,24,Female,High School ,,California,1,,1,,1,1,,,More 1 hour,1,1,1,1,1,1,,,1,1,1,1,1,1,1,,1,,,,,
Complete,62862830,English,2016/04/01 6:43:24 PM,2016/04/01 6:44:18 PM,,,,,,77,00:00:54,,,,,,Yes,27,Male,College Degree,,Pennsylvania,1,1,1,,,,,,Less than 30 minutes,,1,,1,,,,1,,,,,,1,,,,,,,,
Complete,62870930,English,2016/04/01 8:03:04 PM,2016/04/01 8:04:11 PM,Washington,,,,,264,00:01:07,,,,,,Yes,24,Male,College Degree,,Washington,1,1,,,,1,1,"Instagram, Vine, Snapchat, SPUR ",More 1 hour,1,1,1,1,1,1,1,1,1,1,1,1,1,1,1,,1,1,1,1,,
Complete,62872313,English,2016/04/01 8:13:14 PM,2016/04/01 8:14:25 PM,Indiana,,,,,231,00:01:10,,,,,,Yes,37,Male,College Degree,,Indiana,1,,1,,,,,,More 1 hour,,1,,1,1,1,1,1,1,1,1,1,1,1,1,1,1,1,1,1,,
Complete,62875116,English,2016/04/01 8:47:08 PM,2016/04/01 8:48:26 PM,Ohio,,,,,177,00:01:18,,,,,,Yes,26,Female,High School ,,Ohio,1,,,,,,,,More 1 hour,,1,,1,1,1,,1,1,1,1,1,1,,,,1,1,1,,,
Complete,62895752,English,2016/04/01 11:08:32 PM,2016/04/01 11:09:33 PM,Tennessee,,,,,272,00:01:01,,,,,,Yes,,Female,College Degree,,Tennessee,1,,,1,,1,,,More 1 hour,,1,1,,1,1,1,1,1,1,1,1,1,1,1,,1,1,1,1,,1
Complete,62897572,English,2016/04/01 11:45:26 PM,2016/04/01 11:46:26 PM,Arizona,,,,,104,00:00:59,,,,,,Yes,27,Female,College Degree,,Arizona,1,1,,,1,,,,30 min - 1 hour,,,,,,1,,,1,,1,1,1,,,,1,1,,,,
Complete,62901612,English,2016/04/02 1:21:25 AM,2016/04/02 1:23:22 AM,,,,,,122,00:01:57,,,,,,Yes,35,Female,College Degree,,Alabama,1,,,,,,,,Less than 30 minutes,1,1,,1,1,1,,,1,,1,1,1,1,,,1,,,1,,
Complete,62903467,English,2016/04/02 2:13:42 AM,2016/04/02 2:15:38 AM,North Carolina,,,,,197,00:01:56,,,,,,Yes,36,Male,High School ,,North Carolina,1,1,,1,1,1,,,More 1 hour,1,1,,1,1,1,,1,1,1,,1,1,1,,,1,,1,1,,
Complete,62903536,English,2016/04/02 2:15:52 AM,2016/04/02 2:17:36 AM,,,,,,222,00:01:44,,,,,,Yes,,Female,High School ,,Kentucky,1,,,1,,,1,Instagram,More 1 hour,1,1,,1,1,1,,1,1,1,1,1,1,1,1,,1,1,,1,1,
Complete,62908031,English,2016/04/02 4:42:38 AM,2016/04/02 4:44:19 AM,New York,,,,,193,00:01:41,,,,,,Yes,31,Female,Graduate School,,New Jersey,1,,,1,,,,,30 min - 1 hour,1,1,1,1,1,1,,,1,,1,1,1,1,,1,1,1,1,,,
Complete,62911856,English,2016/04/02 6:40:36 AM,2016/04/02 6:47:57 AM,Montana,,,,,212,00:07:20,,,,,,Yes,32,Female,Graduate School,,Montana,1,,,1,,,,,More 1 hour,1,1,1,1,1,1,,1,1,1,1,1,1,1,,1,1,,,1,1,
Complete,62913806,English,2016/04/02 7:33:30 AM,2016/04/02 7:34:14 AM,California,,,,,19,00:00:44,,,,,,Yes,30,Male,High School ,,California,1,,,,,,,,Less than 30 minutes,,,,,,,,,1,,,,,,,,,,,,,
Complete,62915516,English,2016/04/02 8:20:23 AM,2016/04/02 8:22:01 AM,California,,,,,191,00:01:38,,,,,,Yes,25,Female,Other,One year away from a College Degree (B.S.),California,1,,1,,1,,,,More 1 hour,1,1,1,1,1,1,1,,1,1,,,1,1,,1,1,1,,1,,1
Complete,62921215,English,2016/04/02 10:48:00 AM,2016/04/02 10:49:01 AM,Minnesota,,,,,143,00:01:01,,,,,,Yes,38,Male,Graduate School,,Minnesota,1,,,1,,1,,,30 min - 1 hour,,1,1,,,,,,,1,1,1,1,,1,,1,,1,,,
Complete,62922540,English,2016/04/02 11:18:50 AM,2016/04/02 11:20:07 AM,Michigan,,,,,105,00:01:17,,,,,,Yes,32,Male,College Degree,,Michigan,1,1,1,,,1,,,Less than 30 minutes,,1,,1,1,1,,,,,,,,1,1,,,,,1,,
Complete,62923070,English,2016/04/02 11:32:04 AM,2016/04/02 11:33:37 AM,Illinois,,,,,111,00:01:33,,,,,,Yes,,Male,Graduate School,,Illinois,1,,,,1,,,,30 min - 1 hour,,,,1,1,1,,,1,1,,,,1,,,,1,1,,,
Complete,62927591,English,2016/04/02 1:12:18 PM,2016/04/02 1:14:25 PM,Florida,,,,,175,00:02:07,,,,,,Yes,69,Female,Other,One year college with a nursing major - no degree,Florida,1,1,,1,,1,,,More 1 hour,,1,1,1,1,1,,,1,1,1,1,1,1,,,1,1,1,,,
